arm,cold_plan_and_execution_ms,delivery_ms,encoding_status,execution_ms,field_status,final_text_ready_ms,first_progress_emitted_ms,mixture_model,node_active_union_ms,node_count,node_overlap_ms,node_queue_ms,node_resource_ms,offline_afp,online_afp,online_ms,peak_nodes,plan_ready_ms,planning_ms,quality_status,repeat,run_id,status,task_id
direct-strong,,2.1476249676197767,canonical,2.1185411605983973,pass,2.3990001063793898,0.013541895896196365,strong,0.2832910977303982,1,0,0.7310418877750635,0.2832910977303982,0.15,0.23249999999999998,4.5466250739991665,1,0.2804589457809925,0.2804589457809925,pending,1,analysis-01-r1-direct-strong,delivered-unconfirmed,analysis-01
auto-heterogeneous,,2.086374908685684,canonical,12.360875029116869,pass,14.15266701951623,0.011167023330926895,strong,0.9372078347951174,3,0,5.124791990965605,0.9372078347951174,0.15,0.255,16.239041928201914,1,1.7917919903993607,1.7917919903993607,pending,1,analysis-01-r1-auto-heterogeneous,delivered-unconfirmed,analysis-01
task-selector,,3.519665915518999,canonical,5.299499956890941,pass,7.998791988939047,0.013874843716621399,strong,0.21233409643173218,1,0,2.2715828381478786,0.21233409643173218,0.15,0.195,11.518457904458046,1,2.699292032048106,2.699292032048106,pending,1,analysis-01-r1-task-selector,delivered-unconfirmed,analysis-01
shared-single-1,26.355832815170288,3.017582930624485,canonical,19.010124960914254,pass,19.209332996979356,0.01500011421740055,cheap,0.818624859675765,3,0,13.754626037552953,0.818624859675765,0.15,0.3975,22.22691592760384,1,0.19920803606510162,0.19920803606510162,pending,1,analysis-01-r1-shared-single-1,delivered-unconfirmed,analysis-01
shared-heterogeneous-2,,3.8105829153209925,canonical,22.70000008866191,pass,22.881750017404556,0.012292061001062393,strong,1.0122919920831919,3,0,12.94891582801938,1.0122919920831919,0.15,0.2475,26.69233293272555,1,0.18174992874264717,0.18174992874264717,pending,1,analysis-01-r1-shared-heterogeneous-2,delivered-unconfirmed,analysis-01
direct-mid,,5.390542093664408,canonical,11.321790982037783,pass,11.463708011433482,0.014750054106116295,cheap,0.2734588924795389,1,0,4.272958030924201,0.2734588924795389,0.15,0.1875,16.85425010509789,1,0.1419170293956995,0.1419170293956995,pending,1,analysis-01-r1-direct-mid,delivered-unconfirmed,analysis-01
direct-cheap,,5.349000217393041,canonical,11.720124864950776,pass,11.852999916300178,0.012415926903486252,strong,0.20987493917346,1,0,4.547207849100232,0.20987493917346,0.15,0.1575,17.20200013369322,1,0.13287505134940147,0.13287505134940147,pending,1,analysis-01-r1-direct-cheap,delivered-unconfirmed,analysis-01
shared-heterogeneous-1,,5.818667123094201,canonical,31.10612486489117,pass,31.295499997213483,0.011292053386569023,strong,0.7580409292131662,3,0,22.423542104661465,0.7580409292131662,0.15,0.2475,37.114167120307684,1,0.1893751323223114,0.1893751323223114,pending,1,analysis-01-r1-shared-heterogeneous-1,delivered-unconfirmed,analysis-01
shared-single-2,,6.370958872139454,canonical,36.25558316707611,pass,36.44725005142391,0.011625001206994057,strong,0.9595416486263275,3,0,20.69099899381399,0.9595416486263275,0.15,0.3975,42.81820892356336,1,0.19166688434779644,0.19166688434779644,pending,1,analysis-01-r1-shared-single-2,delivered-unconfirmed,analysis-01
direct-mid,,6.396666169166565,canonical,16.01095893420279,pass,16.149749979376793,0.012125121429562569,strong,0.21500000730156898,1,0,6.457916926592588,0.21500000730156898,0.15,0.1875,22.546416148543358,1,0.13879104517400265,0.13879104517400265,pending,1,analysis-02-r1-direct-mid,delivered-unconfirmed,analysis-02
shared-single-2,72.44454207830131,15.160667011514306,canonical,46.66916700080037,pass,46.83504207059741,0.012292061001062393,cheap,0.9937910363078117,3,0,24.56437493674457,0.9937910363078117,0.15,0.3975,61.995709082111716,1,0.16587506979703903,0.16587506979703903,pending,1,analysis-02-r1-shared-single-2,delivered-unconfirmed,analysis-02
auto-heterogeneous,,8.885290939360857,canonical,48.52404189296067,pass,56.34683393873274,0.015292083844542503,strong,1.1910838074982166,3,0,28.397833229973912,1.1910838074982166,0.15,0.255,65.2321248780936,1,7.822792045772076,7.822792045772076,pending,1,analysis-02-r1-auto-heterogeneous,delivered-unconfirmed,analysis-02
shared-heterogeneous-2,,9.626416955143213,canonical,52.80887498520315,pass,53.0375000089407,0.01887488178908825,strong,1.0286248289048672,3,0,30.182542046532035,1.0286248289048672,0.15,0.2475,62.66391696408391,1,0.22862502373754978,0.22862502373754978,pending,1,analysis-02-r1-shared-heterogeneous-2,delivered-unconfirmed,analysis-02
task-selector,,9.321332909166813,canonical,24.10191693343222,pass,34.25187501125038,0.013999873772263527,cheap,0.2240829635411501,1,0,9.380541974678636,0.2240829635411501,0.15,0.195,43.57320792041719,1,10.149958077818155,10.149958077818155,pending,1,analysis-02-r1-task-selector,delivered-unconfirmed,analysis-02
shared-single-1,,9.956707945093513,canonical,55.75141706503928,pass,55.95974996685982,0.013999873772263527,strong,0.7209579925984144,3,0,39.888000348582864,0.7209579925984144,0.15,0.3975,65.91645791195333,1,0.20833290182054043,0.20833290182054043,pending,1,analysis-02-r1-shared-single-1,delivered-unconfirmed,analysis-02
direct-cheap,,11.466457974165678,canonical,36.72216716222465,pass,36.859000101685524,0.01337495632469654,cheap,0.32674986869096756,1,0,10.775000089779496,0.32674986869096756,0.15,0.1575,48.3254580758512,1,0.1368329394608736,0.1368329394608736,pending,1,analysis-02-r1-direct-cheap,delivered-unconfirmed,analysis-02
shared-heterogeneous-1,,11.594250099733472,canonical,62.873082933947444,pass,63.0838330835104,0.014750054106116295,cheap,0.7849158719182014,3,0,45.13216717168689,0.7849158719182014,0.15,0.2475,74.67808318324387,1,0.2107501495629549,0.2107501495629549,pending,1,analysis-02-r1-shared-heterogeneous-1,delivered-unconfirmed,analysis-02
direct-strong,,18.754167016595602,canonical,29.522249940782785,pass,29.665624955669045,0.014208955690264702,cheap,0.24020811542868614,1,0,12.458499986678362,0.24020811542868614,0.15,0.23249999999999998,48.41979197226465,1,0.14337501488626003,0.14337501488626003,pending,1,analysis-02-r1-direct-strong,delivered-unconfirmed,analysis-02
shared-heterogeneous-2,126.83895789086819,15.943290898576379,canonical,89.17295909486711,pass,89.40729219466448,0.027542002499103546,cheap,9.197958977892995,3,0,48.04624896496534,9.197958977892995,0.15,0.2475,105.35058309324086,1,0.23433309979736805,0.23433309979736805,pending,1,decision-01-r1-shared-heterogeneous-2,delivered-unconfirmed,decision-01
direct-cheap,,15.364915831014514,canonical,36.56050004065037,pass,36.71408398076892,0.018249964341521263,strong,0.34887506626546383,1,0,14.249415835365653,0.34887506626546383,0.15,0.1575,52.07899981178343,1,0.15358394011855125,0.15358394011855125,pending,1,decision-01-r1-direct-cheap,delivered-unconfirmed,decision-01
direct-strong,,20.021416945382953,canonical,36.001167027279735,pass,36.159542156383395,0.02012518234550953,cheap,0.28249993920326233,1,0,14.662333996966481,0.28249993920326233,0.15,0.23249999999999998,56.18095910176635,1,0.15837512910366058,0.15837512910366058,pending,1,decision-01-r1-direct-strong,delivered-unconfirmed,decision-01
shared-heterogeneous-1,,14.832874992862344,canonical,81.26741694286466,pass,81.4830840099603,0.015666941180825233,strong,0.7363762706518173,3,0,59.268999146297574,0.7363762706518173,0.15,0.2475,96.31595900282264,1,0.21566706709563732,0.21566706709563732,pending,1,decision-01-r1-shared-heterogeneous-1,delivered-unconfirmed,decision-01
shared-single-1,,16.991375014185905,canonical,99.77795882150531,pass,99.98654178343713,0.015916768461465836,strong,1.0035003069788218,3,0,70.03704085946083,1.0035003069788218,0.15,0.3975,116.97791679762304,1,0.20858296193182468,0.20858296193182468,pending,1,decision-01-r1-shared-single-1,delivered-unconfirmed,decision-01
task-selector,,18.3464998845011,canonical,43.22633403353393,pass,62.20025010406971,0.04545808769762516,cheap,0.35841716453433037,1,0,16.836707945913076,0.35841716453433037,0.15,0.195,80.54674998857081,1,18.97391607053578,18.97391607053578,pending,1,decision-01-r1-task-selector,delivered-unconfirmed,decision-01
direct-mid,,18.23008293285966,canonical,45.715208165347576,pass,45.89904216118157,0.02100015990436077,strong,0.32841693609952927,1,0,18.442000029608607,0.32841693609952927,0.15,0.1875,64.12912509404123,1,0.18383399583399296,0.18383399583399296,pending,1,decision-01-r1-direct-mid,delivered-unconfirmed,decision-01
shared-single-2,,18.979541957378387,canonical,111.79004097357392,pass,112.0388749986887,0.0238749198615551,cheap,13.692750129848719,3,0,61.62058305926621,13.692750129848719,0.15,0.3975,131.01841695606709,1,0.2488340251147747,0.2488340251147747,pending,1,decision-01-r1-shared-single-2,delivered-unconfirmed,decision-01
auto-heterogeneous,,19.37212492339313,canonical,125.17124996520579,pass,145.3831670805812,0.020709121599793434,strong,4.957999801263213,3,0,70.12829091399908,4.957999801263213,0.15,0.255,164.75529200397432,1,20.2119171153754,20.2119171153754,pending,1,decision-01-r1-auto-heterogeneous,delivered-unconfirmed,decision-01
shared-heterogeneous-2,169.97445793822408,20.770915783941746,canonical,119.97633404098451,pass,120.17983407713473,0.0189170241355896,strong,3.9538340643048286,3,0,67.08949990570545,3.9538340643048286,0.15,0.2475,140.95074986107647,1,0.20350003615021706,0.20350003615021706,pending,1,decision-02-r1-shared-heterogeneous-2,delivered-unconfirmed,decision-02
shared-single-2,,20.342792151495814,canonical,126.01937493309379,pass,126.26937497407198,0.019666971638798714,cheap,14.768166933208704,3,0,69.0590413287282,14.768166933208704,0.15,0.3975,146.6121671255678,1,0.2500000409781933,0.2500000409781933,pending,1,decision-02-r1-shared-single-2,delivered-unconfirmed,decision-02
direct-mid,,21.317875012755394,canonical,52.67970799468458,pass,52.83849989064038,0.021832995116710663,strong,0.2850000746548176,1,0,23.463083896785975,0.2850000746548176,0.15,0.1875,74.15637490339577,1,0.158791895955801,0.158791895955801,pending,1,decision-02-r1-direct-mid,delivered-unconfirmed,decision-02
direct-strong,,37.04375005327165,canonical,49.96179114095867,pass,50.10333308018744,0.016750069335103035,cheap,0.28904108330607414,1,0,20.020124968141317,0.28904108330607414,0.15,0.23249999999999998,87.14708313345909,1,0.14154193922877312,0.14154193922877312,pending,1,decision-02-r1-direct-strong,delivered-unconfirmed,decision-02
direct-cheap,,22.864791098982096,canonical,54.687916999682784,pass,54.84912497922778,0.02366607077419758,cheap,0.2703750506043434,1,0,20.70329198613763,0.2703750506043434,0.15,0.1575,77.71391607820988,1,0.16120797954499722,0.16120797954499722,pending,1,decision-02-r1-direct-cheap,delivered-unconfirmed,decision-02
shared-heterogeneous-1,,22.515999851748347,canonical,121.08337506651878,pass,121.31341616623104,0.021415995433926582,cheap,0.780709320679307,3,0,87.07529050298035,0.780709320679307,0.15,0.2475,143.82941601797938,1,0.23004109971225262,0.23004109971225262,pending,1,decision-02-r1-shared-heterogeneous-1,delivered-unconfirmed,decision-02
task-selector,,27.113042073324323,canonical,58.83541679941118,pass,82.14816683903337,0.019624829292297363,strong,0.33166701905429363,1,0,23.658917052671313,0.33166701905429363,0.15,0.195,109.26120891235769,1,23.312750039622188,23.312750039622188,pending,1,decision-02-r1-task-selector,delivered-unconfirmed,decision-02
shared-single-1,,24.45183298550546,canonical,158.60412502661347,pass,158.8445829693228,0.021707965061068535,cheap,0.930833863094449,3,0,118.7696261331439,0.930833863094449,0.15,0.3975,183.29641595482826,1,0.24045794270932674,0.24045794270932674,pending,1,decision-02-r1-shared-single-1,delivered-unconfirmed,decision-02
auto-heterogeneous,,26.77829097956419,canonical,173.17287484183908,pass,198.7864589318633,0.02683396451175213,cheap,9.341291850432754,3,0,86.66966622695327,9.341291850432754,0.15,0.255,225.5647499114275,1,25.613584090024233,25.613584090024233,pending,1,decision-02-r1-auto-heterogeneous,delivered-unconfirmed,decision-02
direct-cheap,,25.394000113010406,canonical,65.18499995581806,pass,65.34762494266033,0.023124972358345985,strong,0.3131660632789135,1,0,25.385333923622966,0.3131660632789135,0.15,0.1575,90.74162505567074,1,0.16262498684227467,0.16262498684227467,pending,1,rules-01-r1-direct-cheap,delivered-unconfirmed,rules-01
shared-single-1,216.21329197660089,26.733833830803633,canonical,148.48683308809996,pass,148.7308330833912,0.025833025574684143,strong,0.8568759076297283,3,0,108.53716707788408,0.8568759076297283,0.15,0.3975,175.46466691419482,1,0.24399999529123306,0.24399999529123306,pending,1,rules-01-r1-shared-single-1,delivered-unconfirmed,rules-01
task-selector,,25.725790997967124,canonical,69.62458416819572,pass,96.83299995958805,0.021124957129359245,strong,0.29229093343019485,1,0,25.624417001381516,0.29229093343019485,0.15,0.195,122.55879095755517,1,27.208415791392326,27.208415791392326,pending,1,rules-01-r1-task-selector,delivered-unconfirmed,rules-01
shared-heterogeneous-2,,26.889040833339095,canonical,162.72775013931096,pass,162.95366710983217,0.020208070054650307,cheap,7.9926669131964445,3,0,87.64941710978746,7.9926669131964445,0.15,0.2475,189.84270794317126,1,0.22591697052121162,0.22591697052121162,pending,1,rules-01-r1-shared-heterogeneous-2,delivered-unconfirmed,rules-01
direct-mid,,26.81991714052856,canonical,75.84683294408023,pass,76.00166578777134,0.021499814465641975,cheap,0.2899579703807831,1,0,31.80320793762803,0.2899579703807831,0.15,0.1875,102.8215829282999,1,0.1548328436911106,0.1548328436911106,pending,1,rules-01-r1-direct-mid,delivered-unconfirmed,rules-01
shared-single-2,,34.12750014103949,canonical,208.93820794299245,pass,209.16129206307232,0.019750092178583145,cheap,12.892458122223616,3,0,106.33600084111094,12.892458122223616,0.15,0.3975,243.28879220411181,1,0.223084120079875,0.223084120079875,pending,1,rules-01-r1-shared-single-2,delivered-unconfirmed,rules-01
auto-heterogeneous,,31.006624922156334,canonical,213.21970806457102,pass,244.78641711175442,0.024584122002124786,cheap,27.482999954372644,3,0,119.14416588842869,27.482999954372644,0.15,0.255,275.79304203391075,1,31.566709047183394,31.566709047183394,pending,1,rules-01-r1-auto-heterogeneous,delivered-unconfirmed,rules-01
shared-heterogeneous-1,,33.33233413286507,canonical,163.87645807117224,pass,164.2122499179095,0.03829202614724636,cheap,0.7810830138623714,3,0,118.83725016377866,0.7810830138623714,0.15,0.2475,197.54458405077457,1,0.3357918467372656,0.3357918467372656,pending,1,rules-01-r1-shared-heterogeneous-1,delivered-unconfirmed,rules-01
direct-strong,,33.86729210615158,canonical,74.72250005230308,pass,74.86974983476102,0.01937500201165676,strong,0.24929200299084187,1,0,28.803749941289425,0.24929200299084187,0.15,0.23249999999999998,108.7370419409126,1,0.14724978245794773,0.14724978245794773,pending,1,rules-01-r1-direct-strong,delivered-unconfirmed,rules-01
direct-mid,,31.08429117128253,canonical,79.09933384507895,pass,79.2557499371469,0.023707980290055275,cheap,0.2916250377893448,1,0,31.79625002667308,0.2916250377893448,0.15,0.1875,110.34004110842943,1,0.15641609206795692,0.15641609206795692,pending,1,rules-02-r1-direct-mid,delivered-unconfirmed,rules-02
shared-single-1,257.52979214303195,32.669875072315335,canonical,176.08299991115928,pass,176.29770911298692,0.02091703936457634,strong,0.8240840397775173,3,0,130.06095821037889,0.8240840397775173,0.15,0.3975,208.96758418530226,1,0.2147092018276453,0.2147092018276453,pending,1,rules-02-r1-shared-single-1,delivered-unconfirmed,rules-02
shared-single-2,,40.121583035215735,canonical,200.6722919177264,pass,200.90899989008904,0.021124957129359245,cheap,10.354625061154366,3,0,102.82170795835555,10.354625061154366,0.15,0.3975,241.03058292530477,1,0.23670797236263752,0.23670797236263752,pending,1,rules-02-r1-shared-single-2,delivered-unconfirmed,rules-02
auto-heterogeneous,,40.61079188250005,canonical,541.3215830922127,pass,586.6116660181433,0.05587493069469929,cheap,23.910250049084425,3,0,411.18329181335866,23.910250049084425,0.15,0.255,627.2224579006433,1,45.29008292593062,45.29008292593062,pending,1,rules-02-r1-auto-heterogeneous,delivered-unconfirmed,rules-02
shared-heterogeneous-1,,37.820166908204556,canonical,222.9219579603523,pass,223.22287503629923,0.032624928280711174,cheap,0.9837083052843809,3,0,161.78545798175037,0.9837083052843809,0.15,0.2475,261.0430419445038,1,0.30091707594692707,0.30091707594692707,pending,1,rules-02-r1-shared-heterogeneous-1,delivered-unconfirmed,rules-02
task-selector,,50.36424985155463,canonical,120.17725012265146,pass,167.80191706493497,0.02470891922712326,cheap,0.831125071272254,1,0,47.4272919818759,0.831125071272254,0.15,0.195,218.1661669164896,1,47.62466694228351,47.62466694228351,pending,1,rules-02-r1-task-selector,delivered-unconfirmed,rules-02
shared-heterogeneous-2,,43.521375162526965,canonical,280.9693329036236,pass,281.6381249576807,0.09774998761713505,strong,20.311333006247878,3,0,149.32400127872825,20.311333006247878,0.15,0.2475,325.15950012020767,1,0.6687920540571213,0.6687920540571213,pending,1,rules-02-r1-shared-heterogeneous-2,delivered-unconfirmed,rules-02
direct-cheap,,48.28833392821252,canonical,123.12279106117785,pass,123.52116615511477,0.03404100425541401,strong,0.34979102201759815,1,0,39.71254196949303,0.34979102201759815,0.15,0.1575,171.8095000833273,1,0.39837509393692017,0.39837509393692017,pending,1,rules-02-r1-direct-cheap,delivered-unconfirmed,rules-02
direct-strong,,38.98550011217594,canonical,105.91291589662433,pass,106.11337493173778,0.02870894968509674,cheap,0.36991690285503864,1,0,46.24041705392301,0.36991690285503864,0.15,0.23249999999999998,145.09887504391372,1,0.20045903511345387,0.20045903511345387,pending,1,rules-02-r1-direct-strong,delivered-unconfirmed,rules-02
