actual_afp,category,finished_monotonic,input_tokens,label,model,output_tokens,reserved_afp,run_id,stage,started_monotonic,status,task_id
0.5291,production,1052792.5895045,695,analysis-01-r1-direct-strong:answer,strong,267,6.3635,analysis-01-r1-direct-strong,final,1052787.736727666,billed,analysis-01
1.207,production,1052809.655182083,877,analysis-01-r1-direct-strong:delivery-judge,judge,330,5.852,analysis-01-r1-direct-strong,delivery-judge,1052792.597401333,billed,analysis-01
1.179,evaluation,1052830.929905833,877,analysis-01-r1-direct-strong:research-judge,judge,302,5.852,analysis-01-r1-direct-strong,research-judge,1052809.66459925,billed,analysis-01
0.04195,production,1052836.1181615,590,analysis-01-r1-auto-heterogeneous:planner,cheap,249,0.1985,analysis-01-r1-auto-heterogeneous,planner,1052830.93728525,billed,analysis-01
0.04155,production,1052837.877220833,665,analysis-01-r1-auto-heterogeneous:calc_expected,cheap,166,0.25520000000000004,analysis-01-r1-auto-heterogeneous,worker,1052836.129904166,billed,analysis-01
0.30975,production,1052842.507892333,769,analysis-01-r1-auto-heterogeneous:assess_theft,mid,470,1.30575,analysis-01-r1-auto-heterogeneous,worker,1052836.1360625,billed,analysis-01
0.97955,production,1052846.276314458,1563,analysis-01-r1-auto-heterogeneous:answer,strong,218,7.9838000000000005,analysis-01-r1-auto-heterogeneous,final,1052842.522066375,billed,analysis-01
1.184,production,1052857.216390583,833,analysis-01-r1-auto-heterogeneous:delivery-judge,judge,351,5.678,analysis-01-r1-auto-heterogeneous,delivery-judge,1052846.286994458,billed,analysis-01
1.185,evaluation,1052869.357290458,833,analysis-01-r1-auto-heterogeneous:research-judge,judge,352,5.678,analysis-01-r1-auto-heterogeneous,research-judge,1052857.233444791,billed,analysis-01
0.03085,production,1052870.995615083,584,analysis-01-r1-task-selector:selector,cheap,33,0.168,analysis-01-r1-task-selector,selector,1052869.371475166,billed,analysis-01
0.054,production,1052873.243611125,812,analysis-01-r1-task-selector:answer,cheap,268,0.5785,analysis-01-r1-task-selector,final,1052871.011808333,billed,analysis-01
1.198,production,1052883.939103291,879,analysis-01-r1-task-selector:delivery-judge,judge,319,5.8100000000000005,analysis-01-r1-task-selector,delivery-judge,1052873.259087958,billed,analysis-01
1.207,evaluation,1052894.736843125,879,analysis-01-r1-task-selector:research-judge,judge,328,5.8100000000000005,analysis-01-r1-task-selector,research-judge,1052883.952010416,billed,analysis-01
0.05025,evaluation,1052897.467466041,707,setup:analysis-01,cheap,298,0.1985,,planner,1052894.752857791,billed,analysis-01
0.44385,production,1052900.340779416,669,analysis-01-r1-shared-single-1:expected,strong,138,2.7978500000000004,analysis-01-r1-shared-single-1,worker,1052897.495908958,billed,analysis-01
0.4334,production,1052903.420552958,649,analysis-01-r1-shared-single-1:theft,strong,139,2.8292,analysis-01-r1-shared-single-1,worker,1052900.358413083,billed,analysis-01
0.52855,production,1052906.137619458,823,analysis-01-r1-shared-single-1:gap,strong,138,3.10585,analysis-01-r1-shared-single-1,worker,1052903.439603958,billed,analysis-01
0.90035,production,1052911.343396333,1280,analysis-01-r1-shared-single-1:answer,strong,357,7.4327000000000005,analysis-01-r1-shared-single-1,final,1052906.153289166,billed,analysis-01
1.284,production,1052922.220176208,966,analysis-01-r1-shared-single-1:delivery-judge,judge,318,6.139,analysis-01-r1-shared-single-1,delivery-judge,1052911.362089333,billed,analysis-01
1.31,evaluation,1052934.831904666,966,analysis-01-r1-shared-single-1:research-judge,judge,344,6.139,analysis-01-r1-shared-single-1,research-judge,1052922.245445416,billed,analysis-01
0.0429,production,1052939.286737666,669,analysis-01-r1-shared-heterogeneous-2:expected,cheap,189,0.25435,analysis-01-r1-shared-heterogeneous-2,worker,1052934.850575666,billed,analysis-01
0.37,production,1052945.78353775,752,analysis-01-r1-shared-heterogeneous-2:theft,mid,728,1.286,analysis-01-r1-shared-heterogeneous-2,worker,1052934.856733791,billed,analysis-01
0.0456,production,1052940.131707291,880,analysis-01-r1-shared-heterogeneous-2:gap,cheap,32,0.29235,analysis-01-r1-shared-heterogeneous-2,worker,1052939.303678958,billed,analysis-01
1.18855,production,1052950.571886958,1906,analysis-01-r1-shared-heterogeneous-2:answer,strong,255,8.801100000000002,analysis-01-r1-shared-heterogeneous-2,final,1052945.806818375,billed,analysis-01
1.178,production,1052960.823951875,866,analysis-01-r1-shared-heterogeneous-2:delivery-judge,judge,312,5.802,analysis-01-r1-shared-heterogeneous-2,delivery-judge,1052950.593993333,billed,analysis-01
1.221,evaluation,1052974.512730708,866,analysis-01-r1-shared-heterogeneous-2:research-judge,judge,355,5.802,analysis-01-r1-shared-heterogeneous-2,research-judge,1052960.846652458,billed,analysis-01
0.3455,production,1052983.389535125,804,analysis-01-r1-direct-mid:answer,mid,578,2.8925,analysis-01-r1-direct-mid,final,1052974.543384708,billed,analysis-01
1.605,production,1052996.981748708,1212,analysis-01-r1-direct-mid:delivery-judge,judge,393,7.207,analysis-01-r1-direct-mid,delivery-judge,1052983.416833041,billed,analysis-01
1.58,evaluation,1053010.045592791,1212,analysis-01-r1-direct-mid:research-judge,judge,368,7.207,analysis-01-r1-direct-mid,research-judge,1052996.994694958,billed,analysis-01
0.05245,production,1053012.6374185,812,analysis-01-r1-direct-cheap:answer,cheap,237,0.5785,analysis-01-r1-direct-cheap,final,1053010.073775916,billed,analysis-01
1.155,production,1053022.562456541,846,analysis-01-r1-direct-cheap:delivery-judge,judge,309,5.686,analysis-01-r1-direct-cheap,delivery-judge,1053012.659068166,billed,analysis-01
1.164,evaluation,1053034.278216708,846,analysis-01-r1-direct-cheap:research-judge,judge,318,5.686,analysis-01-r1-direct-cheap,research-judge,1053022.586867666,billed,analysis-01
0.0432,production,1053037.209768291,669,analysis-01-r1-shared-heterogeneous-1:expected,cheap,195,0.25435,analysis-01-r1-shared-heterogeneous-1,worker,1053034.312165208,billed,analysis-01
0.274,production,1053042.379223708,752,analysis-01-r1-shared-heterogeneous-1:theft,mid,344,1.286,analysis-01-r1-shared-heterogeneous-1,worker,1053037.237637125,billed,analysis-01
0.0459,production,1053044.196676333,886,analysis-01-r1-shared-heterogeneous-1:gap,cheap,32,0.293,analysis-01-r1-shared-heterogeneous-1,worker,1053042.410613333,billed,analysis-01
1.07415,production,1053050.544330708,1482,analysis-01-r1-shared-heterogeneous-1:answer,strong,471,7.854550000000001,analysis-01-r1-shared-heterogeneous-1,final,1053044.223466166,billed,analysis-01
1.46,production,1053062.849174791,1061,analysis-01-r1-shared-heterogeneous-1:delivery-judge,judge,399,6.5200000000000005,analysis-01-r1-shared-heterogeneous-1,delivery-judge,1053050.572776791,billed,analysis-01
1.505,evaluation,1053082.025332416,1061,analysis-01-r1-shared-heterogeneous-1:research-judge,judge,444,6.5200000000000005,analysis-01-r1-shared-heterogeneous-1,research-judge,1053062.880230625,billed,analysis-01
0.43175,production,1053084.798465458,669,analysis-01-r1-shared-single-2:expected,strong,116,2.7978500000000004,analysis-01-r1-shared-single-2,worker,1053082.066168458,billed,analysis-01
0.44055,production,1053084.858052,649,analysis-01-r1-shared-single-2:theft,strong,152,2.8292,analysis-01-r1-shared-single-2,worker,1053082.077711208,billed,analysis-01
0.50435,production,1053087.156844083,801,analysis-01-r1-shared-single-2:gap,strong,116,3.0514,analysis-01-r1-shared-single-2,worker,1053084.828631291,billed,analysis-01
0.8701,production,1053091.776899291,1249,analysis-01-r1-shared-single-2:answer,strong,333,7.356250000000001,analysis-01-r1-shared-single-2,final,1053087.182567458,billed,analysis-01
1.386,production,1053106.650452125,942,analysis-01-r1-shared-single-2:delivery-judge,judge,444,6.008,analysis-01-r1-shared-single-2,delivery-judge,1053091.807492208,billed,analysis-01
1.249,evaluation,1053118.278725541,942,analysis-01-r1-shared-single-2:research-judge,judge,307,6.008,analysis-01-r1-shared-single-2,research-judge,1053106.682994541,billed,analysis-01
0.33375,production,1053126.490126916,799,analysis-02-r1-direct-mid:answer,mid,536,2.9015,analysis-02-r1-direct-mid,final,1053118.320695208,billed,analysis-02
1.52,production,1053139.730151916,1136,analysis-02-r1-direct-mid:delivery-judge,judge,384,6.985,analysis-02-r1-direct-mid,delivery-judge,1053126.52274075,billed,analysis-02
1.459,evaluation,1053151.815314166,1136,analysis-02-r1-direct-mid:research-judge,judge,323,6.985,analysis-02-r1-direct-mid,research-judge,1053139.764037,billed,analysis-02
0.0435,evaluation,1053156.935091875,583,setup:analysis-02,cheap,287,0.19970000000000002,,planner,1053151.8468755,billed,analysis-02
0.39985,production,1053160.42863975,643,analysis-02-r1-shared-single-2:survey_analysis,strong,84,2.8578,analysis-02-r1-shared-single-2,worker,1053157.072923583,billed,analysis-02
0.59675,production,1053164.377781208,649,analysis-02-r1-shared-single-2:service_analysis,strong,436,2.8600000000000003,analysis-02-r1-shared-single-2,worker,1053157.086724333,billed,analysis-02
0.88715,production,1053169.967546125,1277,analysis-02-r1-shared-single-2:pooling_check,strong,336,4.251500000000001,analysis-02-r1-shared-single-2,worker,1053164.411224708,billed,analysis-02
1.22595,production,1053175.539212333,1776,analysis-02-r1-shared-single-2:answer,strong,453,8.72025,analysis-02-r1-shared-single-2,final,1053169.996557791,billed,analysis-02
1.396,production,1053188.065901291,1039,analysis-02-r1-shared-single-2:delivery-judge,judge,357,6.769,analysis-02-r1-shared-single-2,delivery-judge,1053175.574071541,billed,analysis-02
1.34,evaluation,1053200.606854416,1039,analysis-02-r1-shared-single-2:research-judge,judge,301,6.769,analysis-02-r1-shared-single-2,research-judge,1053188.120776916,billed,analysis-02
0.0472,production,1053203.63045475,700,analysis-02-r1-auto-heterogeneous:planner,cheap,244,0.19970000000000002,analysis-02-r1-auto-heterogeneous,planner,1053200.648292666,billed,analysis-02
0.0351,production,1053205.370058041,626,analysis-02-r1-auto-heterogeneous:survey,cheap,76,0.2553,analysis-02-r1-auto-heterogeneous,worker,1053203.66343775,billed,analysis-02
0.045,production,1053208.24281125,626,analysis-02-r1-auto-heterogeneous:service,cheap,274,0.25505,analysis-02-r1-auto-heterogeneous,worker,1053203.67739375,billed,analysis-02
0.38875,production,1053214.69207075,1143,analysis-02-r1-auto-heterogeneous:pool_check,mid,412,1.71625,analysis-02-r1-auto-heterogeneous,worker,1053208.280058833,billed,analysis-02
1.20065,production,1053222.058021916,1675,analysis-02-r1-auto-heterogeneous:answer,strong,508,8.4975,analysis-02-r1-auto-heterogeneous,final,1053214.720231958,billed,analysis-02
1.567,production,1053240.4773595,1104,analysis-02-r1-auto-heterogeneous:delivery-judge,judge,463,7.015,analysis-02-r1-auto-heterogeneous,delivery-judge,1053222.080606916,billed,analysis-02
1.514,evaluation,1053258.131453166,1104,analysis-02-r1-auto-heterogeneous:research-judge,judge,410,7.015,analysis-02-r1-auto-heterogeneous,research-judge,1053240.516687125,billed,analysis-02
0.0366,production,1053259.72846425,643,analysis-02-r1-shared-heterogeneous-2:survey_analysis,cheap,89,0.25980000000000003,analysis-02-r1-shared-heterogeneous-2,worker,1053258.178071875,billed,analysis-02
0.04585,production,1053261.148324541,649,analysis-02-r1-shared-heterogeneous-2:service_analysis,cheap,268,0.26,analysis-02-r1-shared-heterogeneous-2,worker,1053258.192741416,billed,analysis-02
0.444,production,1053269.810139416,1161,analysis-02-r1-shared-heterogeneous-2:pooling_check,mid,615,1.77425,analysis-02-r1-shared-heterogeneous-2,worker,1053261.191209875,billed,analysis-02
1.3739,production,1053278.330098375,1900,analysis-02-r1-shared-heterogeneous-2:answer,strong,598,9.133849999999999,analysis-02-r1-shared-heterogeneous-2,final,1053269.850004958,billed,analysis-02
1.537,production,1053295.577952916,1186,analysis-02-r1-shared-heterogeneous-2:delivery-judge,judge,351,7.445,analysis-02-r1-shared-heterogeneous-2,delivery-judge,1053278.36982925,billed,analysis-02
1.572,evaluation,1053314.686921625,1186,analysis-02-r1-shared-heterogeneous-2:research-judge,judge,386,7.445,analysis-02-r1-shared-heterogeneous-2,research-judge,1053295.620335291,billed,analysis-02
0.02485,production,1053316.411756208,460,analysis-02-r1-task-selector:selector,cheap,37,0.16920000000000002,analysis-02-r1-task-selector,selector,1053314.726349583,billed,analysis-02
0.0569,production,1053320.236811416,810,analysis-02-r1-task-selector:answer,cheap,328,0.5803,analysis-02-r1-task-selector,final,1053316.456955,billed,analysis-02
1.292,production,1053333.143130958,953,analysis-02-r1-task-selector:delivery-judge,judge,339,6.329,analysis-02-r1-task-selector,delivery-judge,1053320.270361666,billed,analysis-02
1.325,evaluation,1053345.529081541,953,analysis-02-r1-task-selector:research-judge,judge,372,6.329,analysis-02-r1-task-selector,research-judge,1053333.191991666,billed,analysis-02
0.50875,production,1053350.656838166,643,analysis-02-r1-shared-single-1:survey_analysis,strong,282,2.8578,analysis-02-r1-shared-single-1,worker,1053345.59442725,billed,analysis-02
0.53515,production,1053356.339625583,649,analysis-02-r1-shared-single-1:service_analysis,strong,324,2.8600000000000003,analysis-02-r1-shared-single-1,worker,1053350.769145,billed,analysis-02
0.93335,production,1053361.834920958,1379,analysis-02-r1-shared-single-1:pooling_check,strong,318,4.409350000000001,analysis-02-r1-shared-single-1,worker,1053356.391877125,billed,analysis-02
1.25235,production,1053367.475494375,1865,analysis-02-r1-shared-single-1:answer,strong,412,8.845650000000001,analysis-02-r1-shared-single-1,final,1053361.91395125,billed,analysis-02
1.358,production,1053377.779366541,1008,analysis-02-r1-shared-single-1:delivery-judge,judge,350,6.649,analysis-02-r1-shared-single-1,delivery-judge,1053367.514100916,billed,analysis-02
1.38,evaluation,1053388.981833333,1008,analysis-02-r1-shared-single-1:research-judge,judge,372,6.649,analysis-02-r1-shared-single-1,research-judge,1053377.829084041,billed,analysis-02
0.05545,production,1053393.507316333,810,analysis-02-r1-direct-cheap:answer,cheap,299,0.5803,analysis-02-r1-direct-cheap,final,1053389.026824666,billed,analysis-02
1.277,production,1053405.59848425,924,analysis-02-r1-direct-cheap:delivery-judge,judge,353,6.187,analysis-02-r1-direct-cheap,delivery-judge,1053393.554003625,billed,analysis-02
1.317,evaluation,1053424.818668583,924,analysis-02-r1-direct-cheap:research-judge,judge,393,6.187,analysis-02-r1-direct-cheap,research-judge,1053405.643398791,billed,analysis-02
0.0363,production,1053426.3390045,643,analysis-02-r1-shared-heterogeneous-1:survey_analysis,cheap,83,0.25980000000000003,analysis-02-r1-shared-heterogeneous-1,worker,1053424.877827958,billed,analysis-02
0.0389,production,1053433.657157375,649,analysis-02-r1-shared-heterogeneous-1:service_analysis,cheap,129,0.26,analysis-02-r1-shared-heterogeneous-1,worker,1053426.380982291,billed,analysis-02
0.42175,production,1053444.041401666,1011,analysis-02-r1-shared-heterogeneous-1:pooling_check,mid,676,1.6195,analysis-02-r1-shared-heterogeneous-1,worker,1053433.696691708,billed,analysis-02
1.3376,production,1053452.342608208,1829,analysis-02-r1-shared-heterogeneous-1:answer,strong,603,8.877,analysis-02-r1-shared-heterogeneous-1,final,1053444.085105541,billed,analysis-02
1.543,production,1053465.266343458,1187,analysis-02-r1-shared-heterogeneous-1:delivery-judge,judge,356,7.361,analysis-02-r1-shared-heterogeneous-1,delivery-judge,1053452.404591208,billed,analysis-02
1.534,evaluation,1053479.44342425,1187,analysis-02-r1-shared-heterogeneous-1:research-judge,judge,347,7.361,analysis-02-r1-shared-heterogeneous-1,research-judge,1053465.316775583,billed,analysis-02
0.5874,production,1053486.448540416,693,analysis-02-r1-direct-strong:answer,strong,375,6.3833,analysis-02-r1-direct-strong,final,1053479.50346625,billed,analysis-02
1.326,production,1053500.604866791,971,analysis-02-r1-direct-strong:delivery-judge,judge,355,6.548,analysis-02-r1-direct-strong,delivery-judge,1053486.502610916,billed,analysis-02
1.35,evaluation,1053514.097255666,971,analysis-02-r1-direct-strong:research-judge,judge,379,6.548,analysis-02-r1-direct-strong,research-judge,1053500.646672125,billed,analysis-02
0.04375,evaluation,1053518.797885833,586,setup:decision-01,cheap,289,0.19805,,planner,1053514.147971708,billed,decision-01
0.03615,production,1053519.962439625,666,decision-01-r1-shared-heterogeneous-2:check_print,cheap,57,0.26025000000000004,decision-01-r1-shared-heterogeneous-2,worker,1053518.863145125,billed,decision-01
0.0355,production,1053520.870136541,656,decision-01-r1-shared-heterogeneous-2:check_delivery,cheap,54,0.2586,decision-01-r1-shared-heterogeneous-2,worker,1053518.886149666,billed,decision-01
0.3325,production,1053529.118009875,940,decision-01-r1-shared-heterogeneous-2:combine,mid,390,1.50575,decision-01-r1-shared-heterogeneous-2,worker,1053520.921350916,billed,decision-01
0.9119,production,1053535.090779708,1245,decision-01-r1-shared-heterogeneous-2:answer,strong,413,7.47505,decision-01-r1-shared-heterogeneous-2,final,1053529.208779041,billed,decision-01
1.426,production,1053549.729103458,1019,decision-01-r1-shared-heterogeneous-2:delivery-judge,judge,407,6.373,decision-01-r1-shared-heterogeneous-2,delivery-judge,1053535.14500575,billed,decision-01
1.351,evaluation,1053562.440146083,1019,decision-01-r1-shared-heterogeneous-2:research-judge,judge,332,6.373,decision-01-r1-shared-heterogeneous-2,research-judge,1053549.772969541,billed,decision-01
0.05455,production,1053564.840172125,817,decision-01-r1-direct-cheap:answer,cheap,274,0.5802,decision-01-r1-direct-cheap,final,1053562.500447958,billed,decision-01
1.22,production,1053575.847442541,884,decision-01-r1-direct-cheap:delivery-judge,judge,336,5.92,decision-01-r1-direct-cheap,delivery-judge,1053564.892525625,billed,decision-01
1.244,evaluation,1053589.247603041,884,decision-01-r1-direct-cheap:research-judge,judge,360,5.92,decision-01-r1-direct-cheap,research-judge,1053575.882002,billed,decision-01
0.5973,production,1053595.458870166,700,decision-01-r1-direct-strong:answer,strong,386,6.3822,decision-01-r1-direct-strong,final,1053589.313196708,billed,decision-01
1.356,production,1053609.106139583,989,decision-01-r1-direct-strong:delivery-judge,judge,367,6.341,decision-01-r1-direct-strong,delivery-judge,1053595.511536666,billed,decision-01
1.354,evaluation,1053621.588302208,989,decision-01-r1-direct-strong:research-judge,judge,365,6.341,decision-01-r1-direct-strong,research-judge,1053609.161919125,billed,decision-01
0.03605,production,1053623.798689,666,decision-01-r1-shared-heterogeneous-1:check_print,cheap,55,0.26025000000000004,decision-01-r1-shared-heterogeneous-1,worker,1053621.658347625,billed,decision-01
0.0355,production,1053625.620424625,656,decision-01-r1-shared-heterogeneous-1:check_delivery,cheap,54,0.2586,decision-01-r1-shared-heterogeneous-1,worker,1053623.859036166,billed,decision-01
0.3565,production,1053634.061263458,938,decision-01-r1-shared-heterogeneous-1:combine,mid,488,1.5042499999999999,decision-01-r1-shared-heterogeneous-1,worker,1053625.675834708,billed,decision-01
1.0296,production,1053640.662206375,1343,decision-01-r1-shared-heterogeneous-1:answer,strong,529,7.620800000000001,decision-01-r1-shared-heterogeneous-1,final,1053634.109129666,billed,decision-01
1.423,production,1053650.821604041,1120,decision-01-r1-shared-heterogeneous-1:delivery-judge,judge,303,6.723,decision-01-r1-shared-heterogeneous-1,delivery-judge,1053640.71668025,billed,decision-01
1.533,evaluation,1053665.684653333,1120,decision-01-r1-shared-heterogeneous-1:research-judge,judge,413,6.723,decision-01-r1-shared-heterogeneous-1,research-judge,1053650.869616125,billed,decision-01
0.4521,production,1053669.178909875,666,decision-01-r1-shared-single-1:check_print,strong,156,2.86275,decision-01-r1-shared-single-1,worker,1053665.7491405,billed,decision-01
0.40095,production,1053671.398591708,656,decision-01-r1-shared-single-1:check_delivery,strong,73,2.8446000000000002,decision-01-r1-shared-single-1,worker,1053669.229521291,billed,decision-01
0.7172,production,1053675.93983,998,decision-01-r1-shared-single-1:combine,strong,306,3.5629,decision-01-r1-shared-single-1,worker,1053671.459663041,billed,decision-01
0.8338,production,1053681.698351666,1123,decision-01-r1-shared-single-1:answer,strong,393,7.184100000000001,decision-01-r1-shared-single-1,final,1053675.997299458,billed,decision-01
1.329,production,1053693.212581625,993,decision-01-r1-shared-single-1:delivery-judge,judge,336,6.318,decision-01-r1-shared-single-1,delivery-judge,1053681.7538235,billed,decision-01
1.332,evaluation,1053702.438431458,993,decision-01-r1-shared-single-1:research-judge,judge,339,6.318,decision-01-r1-shared-single-1,research-judge,1053693.283470458,billed,decision-01
0.02485,production,1053704.208666791,463,decision-01-r1-task-selector:selector,cheap,34,0.16754999999999998,decision-01-r1-task-selector,selector,1053702.498591208,billed,decision-01
0.05155,production,1053709.580030375,700,decision-01-r1-task-selector:answer,cheap,331,0.5802,decision-01-r1-task-selector,final,1053704.270180583,billed,decision-01
1.27,production,1053721.33360775,949,decision-01-r1-task-selector:delivery-judge,judge,321,6.077,decision-01-r1-task-selector,delivery-judge,1053709.6338555,billed,decision-01
1.243,evaluation,1053732.453658333,949,decision-01-r1-task-selector:research-judge,judge,294,6.077,decision-01-r1-task-selector,research-judge,1053721.385381458,billed,decision-01
0.33725,production,1053738.580921791,804,decision-01-r1-direct-mid:answer,mid,545,2.901,decision-01-r1-direct-mid,final,1053732.5288815,billed,decision-01
0.39765,production,1053740.478688333,666,decision-01-r1-shared-single-2:check_print,strong,57,2.86275,decision-01-r1-shared-single-2,worker,1053738.686974125,billed,decision-01
0.38775,production,1053740.961986041,656,decision-01-r1-shared-single-2:check_delivery,strong,49,2.8446000000000002,decision-01-r1-shared-single-2,worker,1053738.709985291,billed,decision-01
0.6083,production,1053745.0508755,854,decision-01-r1-shared-single-2:combine,strong,252,3.2923,decision-01-r1-shared-single-2,worker,1053741.018940833,billed,decision-01
0.7601,production,1053750.063043291,1058,decision-01-r1-shared-single-2:answer,strong,324,7.069700000000001,decision-01-r1-shared-single-2,final,1053745.110569625,billed,decision-01
1.301,production,1053761.029406583,930,decision-01-r1-shared-single-2:delivery-judge,judge,371,6.059,decision-01-r1-shared-single-2,delivery-judge,1053750.130496916,billed,decision-01
1.212,evaluation,1053771.546966916,930,decision-01-r1-shared-single-2:research-judge,judge,282,6.059,decision-01-r1-shared-single-2,research-judge,1053761.078342375,billed,decision-01
0.0459,production,1053774.303816208,703,decision-01-r1-auto-heterogeneous:planner,cheap,215,0.19805,decision-01-r1-auto-heterogeneous,planner,1053771.607855958,billed,decision-01
0.0339,production,1053775.479083041,648,decision-01-r1-auto-heterogeneous:check_print,cheap,30,0.25455,decision-01-r1-auto-heterogeneous,worker,1053774.374430208,billed,decision-01
0.034,production,1053776.110308416,638,decision-01-r1-auto-heterogeneous:check_delivery,cheap,42,0.25425000000000003,decision-01-r1-auto-heterogeneous,worker,1053774.399244458,billed,decision-01
0.63855,production,1053779.838528875,909,decision-01-r1-auto-heterogeneous:combine,strong,252,6.82605,decision-01-r1-auto-heterogeneous,final,1053776.16716925,billed,decision-01
1.203,production,1053798.864799083,865,decision-01-r1-auto-heterogeneous:delivery-judge,judge,338,5.83,decision-01-r1-auto-heterogeneous,delivery-judge,1053779.89314275,billed,decision-01
1.264,evaluation,1053812.727480208,865,decision-01-r1-auto-heterogeneous:research-judge,judge,399,5.83,decision-01-r1-auto-heterogeneous,research-judge,1053798.928000416,billed,decision-01
0.04685,evaluation,1053816.409522083,724,setup:decision-02,cheap,213,0.2006,,planner,1053812.795906208,billed,decision-02
0.0419,production,1053820.171301416,666,decision-02-r1-shared-heterogeneous-2:qualification,cheap,172,0.2594,decision-02-r1-shared-heterogeneous-2,worker,1053816.483133208,billed,decision-02
0.2915,production,1053825.679904,971,decision-02-r1-shared-heterogeneous-2:assignment,mid,195,1.52075,decision-02-r1-shared-heterogeneous-2,worker,1053820.236150416,billed,decision-02
0.73535,production,1053830.17874325,1008,decision-02-r1-shared-heterogeneous-2:answer,strong,329,7.05705,decision-02-r1-shared-heterogeneous-2,final,1053825.745160291,billed,decision-02
1.326,production,1053842.481384458,972,decision-02-r1-shared-heterogeneous-2:delivery-judge,judge,354,6.172,decision-02-r1-shared-heterogeneous-2,delivery-judge,1053830.247559208,billed,decision-02
1.295,evaluation,1053855.77592425,972,decision-02-r1-shared-heterogeneous-2:research-judge,judge,323,6.172,decision-02-r1-shared-heterogeneous-2,research-judge,1053842.589993458,billed,decision-02
0.3828,production,1053858.063386458,666,decision-02-r1-shared-single-2:qualification,strong,30,2.8534000000000006,decision-02-r1-shared-single-2,worker,1053855.881758583,billed,decision-02
0.5566,production,1053863.607159583,729,decision-02-r1-shared-single-2:assignment,strong,283,3.0189500000000002,decision-02-r1-shared-single-2,worker,1053858.126671708,billed,decision-02
0.8107,production,1053868.998393083,1105,decision-02-r1-shared-single-2:answer,strong,369,7.205550000000001,decision-02-r1-shared-single-2,final,1053863.66693625,billed,decision-02
1.394,production,1053882.401728333,1004,decision-02-r1-shared-single-2:delivery-judge,judge,390,6.332,decision-02-r1-shared-single-2,delivery-judge,1053869.045566458,billed,decision-02
1.35,evaluation,1053895.64142475,1004,decision-02-r1-shared-single-2:research-judge,judge,346,6.332,decision-02-r1-shared-single-2,research-judge,1053882.466961,billed,decision-02
0.3935,production,1053903.438111166,829,decision-02-r1-direct-mid:answer,mid,745,2.9202500000000002,decision-02-r1-direct-mid,final,1053895.731000666,billed,decision-02
1.736,production,1053914.977994333,1400,decision-02-r1-direct-mid:delivery-judge,judge,336,7.813,decision-02-r1-direct-mid,delivery-judge,1053903.501343833,billed,decision-02
1.831,evaluation,1053931.235694333,1400,decision-02-r1-direct-mid:research-judge,judge,431,7.813,decision-02-r1-direct-mid,research-judge,1053915.0309735,billed,decision-02
0.5786,production,1053936.500275958,725,decision-02-r1-direct-strong:answer,strong,327,6.42455,decision-02-r1-direct-strong,final,1053931.325203208,billed,decision-02
1.352,production,1053949.568472916,971,decision-02-r1-direct-strong:delivery-judge,judge,381,6.186,decision-02-r1-direct-strong,delivery-judge,1053936.574655708,billed,decision-02
1.361,evaluation,1053966.55583825,971,decision-02-r1-direct-strong:research-judge,judge,390,6.186,decision-02-r1-direct-strong,research-judge,1053949.644786375,billed,decision-02
0.0622,production,1053969.847532,842,decision-02-r1-direct-cheap:answer,cheap,402,0.58405,decision-02-r1-direct-cheap,final,1053966.657549291,billed,decision-02
1.446,production,1053986.206436958,1082,decision-02-r1-direct-cheap:delivery-judge,judge,364,6.5440000000000005,decision-02-r1-direct-cheap,delivery-judge,1053969.920933708,billed,decision-02
1.449,evaluation,1054001.230943666,1082,decision-02-r1-direct-cheap:research-judge,judge,367,6.5440000000000005,decision-02-r1-direct-cheap,research-judge,1053986.271458125,billed,decision-02
0.04035,production,1054004.414902916,666,decision-02-r1-shared-heterogeneous-1:qualification,cheap,141,0.2594,decision-02-r1-shared-heterogeneous-1,worker,1054001.325233583,billed,decision-02
0.326,production,1054008.842691458,944,decision-02-r1-shared-heterogeneous-1:assignment,mid,360,1.49475,decision-02-r1-shared-heterogeneous-1,worker,1054004.4806485,billed,decision-02
0.8503,production,1054014.089347208,1207,decision-02-r1-shared-heterogeneous-1:answer,strong,339,7.4019,decision-02-r1-shared-heterogeneous-1,final,1054008.920315166,billed,decision-02
1.298,production,1054026.28495475,980,decision-02-r1-shared-heterogeneous-1:delivery-judge,judge,318,6.257,decision-02-r1-shared-heterogeneous-1,delivery-judge,1054014.170871625,billed,decision-02
1.306,evaluation,1054041.850888625,980,decision-02-r1-shared-heterogeneous-1:research-judge,judge,326,6.257,decision-02-r1-shared-heterogeneous-1,research-judge,1054026.355328666,billed,decision-02
0.03135,production,1054043.371860208,601,decision-02-r1-task-selector:selector,cheap,26,0.1701,decision-02-r1-task-selector,selector,1054041.914411458,billed,decision-02
0.06025,production,1054048.553430416,842,decision-02-r1-task-selector:answer,cheap,363,0.58405,decision-02-r1-task-selector,final,1054043.438766833,billed,decision-02
1.422,production,1054059.982269833,1044,decision-02-r1-task-selector:delivery-judge,judge,378,6.517,decision-02-r1-task-selector,delivery-judge,1054048.619191583,billed,decision-02
1.425,evaluation,1054073.007096208,1044,decision-02-r1-task-selector:research-judge,judge,381,6.517,decision-02-r1-task-selector,research-judge,1054060.070610958,billed,decision-02
0.3993,production,1054074.787009916,666,decision-02-r1-shared-single-1:qualification,strong,60,2.8534000000000006,decision-02-r1-shared-single-1,worker,1054073.092703125,billed,decision-02
0.51095,production,1054078.3796745,765,decision-02-r1-shared-single-1:assignment,strong,164,3.0926500000000003,decision-02-r1-shared-single-1,worker,1054074.839828666,billed,decision-02
0.69685,production,1054082.452687583,982,decision-02-r1-shared-single-1:answer,strong,285,6.93165,decision-02-r1-shared-single-1,final,1054078.46436625,billed,decision-02
1.23,production,1054098.525172666,933,decision-02-r1-shared-single-1:delivery-judge,judge,297,6.053,decision-02-r1-shared-single-1,delivery-judge,1054082.526373666,billed,decision-02
1.254,evaluation,1054114.646655,933,decision-02-r1-shared-single-1:research-judge,judge,321,6.053,decision-02-r1-shared-single-1,research-judge,1054098.601284833,billed,decision-02
0.0351,production,1054116.863812791,607,decision-02-r1-auto-heterogeneous:planner,cheap,95,0.2006,decision-02-r1-auto-heterogeneous,planner,1054114.725726125,billed,decision-02
0.5874,production,1054121.451281291,787,decision-02-r1-auto-heterogeneous:answer,strong,281,6.537850000000001,decision-02-r1-auto-heterogeneous,final,1054116.948941041,billed,decision-02
1.242,production,1054131.7927955,928,decision-02-r1-auto-heterogeneous:delivery-judge,judge,314,6.0,decision-02-r1-auto-heterogeneous,delivery-judge,1054121.536850541,billed,decision-02
1.261,evaluation,1054142.820583875,928,decision-02-r1-auto-heterogeneous:research-judge,judge,333,6.0,decision-02-r1-auto-heterogeneous,research-judge,1054131.869243916,billed,decision-02
0.05915,production,1054154.576604625,769,rules-01-r1-direct-cheap:answer,cheap,414,0.5710000000000001,rules-01-r1-direct-cheap,final,1054142.95125625,billed,rules-01
1.366,production,1054166.695791541,1008,rules-01-r1-direct-cheap:delivery-judge,judge,358,6.2700000000000005,rules-01-r1-direct-cheap,delivery-judge,1054154.652721875,billed,rules-01
1.471,evaluation,1054184.346368708,1008,rules-01-r1-direct-cheap:research-judge,judge,463,6.2700000000000005,rules-01-r1-direct-cheap,research-judge,1054166.767173208,billed,rules-01
0.03355,evaluation,1054187.495970333,552,setup:rules-01,cheap,119,0.1922,,planner,1054184.428216333,billed,rules-01
0.53735,production,1054191.37751825,748,rules-01-r1-shared-single-1:answer,strong,229,6.5098,rules-01-r1-shared-single-1,final,1054187.588423416,billed,rules-01
1.131,production,1054203.017627416,796,rules-01-r1-shared-single-1:delivery-judge,judge,335,5.587,rules-01-r1-shared-single-1,delivery-judge,1054191.458980041,billed,rules-01
1.141,evaluation,1054215.384273333,796,rules-01-r1-shared-single-1:research-judge,judge,345,5.587,rules-01-r1-shared-single-1,research-judge,1054203.092750375,billed,rules-01
0.023,production,1054217.100292041,429,rules-01-r1-task-selector:selector,cheap,31,0.1617,rules-01-r1-task-selector,selector,1054215.473876333,billed,rules-01
0.04385,production,1054221.303516708,652,rules-01-r1-task-selector:answer,cheap,225,0.5710000000000001,rules-01-r1-task-selector,final,1054217.156677875,billed,rules-01
1.114,production,1054232.469939458,795,rules-01-r1-task-selector:delivery-judge,judge,319,5.539,rules-01-r1-task-selector,delivery-judge,1054221.381592375,billed,rules-01
1.131,evaluation,1054250.528148041,795,rules-01-r1-task-selector:research-judge,judge,336,5.539,rules-01-r1-task-selector,research-judge,1054232.561400041,billed,rules-01
0.55935,production,1054255.112681583,748,rules-01-r1-shared-heterogeneous-2:answer,strong,269,6.5098,rules-01-r1-shared-heterogeneous-2,final,1054250.632605833,billed,rules-01
1.197,production,1054270.114705333,834,rules-01-r1-shared-heterogeneous-2:delivery-judge,judge,363,5.7330000000000005,rules-01-r1-shared-heterogeneous-2,delivery-judge,1054255.202703791,billed,rules-01
1.177,evaluation,1054282.26374675,834,rules-01-r1-shared-heterogeneous-2:research-judge,judge,343,5.7330000000000005,rules-01-r1-shared-heterogeneous-2,research-judge,1054270.190763666,billed,rules-01
0.31675,production,1054288.315739375,758,rules-01-r1-direct-mid:answer,mid,509,2.855,rules-01-r1-direct-mid,final,1054282.377302416,billed,rules-01
1.455,production,1054301.591055791,1094,rules-01-r1-direct-mid:delivery-judge,judge,361,6.751,rules-01-r1-direct-mid,delivery-judge,1054288.420282833,billed,rules-01
1.452,evaluation,1054316.288705333,1094,rules-01-r1-direct-mid:research-judge,judge,358,6.751,rules-01-r1-direct-mid,research-judge,1054301.679959416,billed,rules-01
0.5643,production,1054320.870034875,748,rules-01-r1-shared-single-2:answer,strong,278,6.5098,rules-01-r1-shared-single-2,final,1054316.397751125,billed,rules-01
1.175,production,1054331.62060775,841,rules-01-r1-shared-single-2:delivery-judge,judge,334,5.772,rules-01-r1-shared-single-2,delivery-judge,1054320.975464166,billed,rules-01
1.154,evaluation,1054343.689680458,841,rules-01-r1-shared-single-2:research-judge,judge,313,5.772,rules-01-r1-shared-single-2,research-judge,1054331.692117875,billed,rules-01
0.0398,production,1054345.151225,669,rules-01-r1-auto-heterogeneous:planner,cheap,127,0.1922,rules-01-r1-auto-heterogeneous,planner,1054343.770795,billed,rules-01
0.55055,production,1054349.260077291,782,rules-01-r1-auto-heterogeneous:answer,strong,219,6.542800000000001,rules-01-r1-auto-heterogeneous,final,1054345.240690166,billed,rules-01
1.162,production,1054360.592401125,789,rules-01-r1-auto-heterogeneous:delivery-judge,judge,373,5.548,rules-01-r1-auto-heterogeneous,delivery-judge,1054349.332459916,billed,rules-01
1.136,evaluation,1054372.8809555,789,rules-01-r1-auto-heterogeneous:research-judge,judge,347,5.548,rules-01-r1-auto-heterogeneous,research-judge,1054360.681237458,billed,rules-01
0.528,production,1054376.011658458,748,rules-01-r1-shared-heterogeneous-1:answer,strong,212,6.5098,rules-01-r1-shared-heterogeneous-1,final,1054373.004560541,billed,rules-01
1.134,production,1054386.090484833,782,rules-01-r1-shared-heterogeneous-1:delivery-judge,judge,352,5.511,rules-01-r1-shared-heterogeneous-1,delivery-judge,1054376.2368295,billed,rules-01
1.128,evaluation,1054395.314466375,782,rules-01-r1-shared-heterogeneous-1:research-judge,judge,346,5.511,rules-01-r1-shared-heterogeneous-1,research-judge,1054386.18023125,billed,rules-01
0.4862,production,1054399.550671708,652,rules-01-r1-direct-strong:answer,strong,232,6.281000000000001,rules-01-r1-direct-strong,final,1054395.44399,billed,rules-01
1.122,production,1054409.831219625,799,rules-01-r1-direct-strong:delivery-judge,judge,323,5.622,rules-01-r1-direct-strong,delivery-judge,1054399.616435166,billed,rules-01
1.129,evaluation,1054424.459387458,799,rules-01-r1-direct-strong:research-judge,judge,330,5.622,rules-01-r1-direct-strong,research-judge,1054409.912936166,billed,rules-01
0.3985,production,1054433.227358583,914,rules-02-r1-direct-mid:answer,mid,680,3.0525,rules-02-r1-direct-mid,final,1054424.572244458,billed,rules-02
1.786,production,1054444.575985875,1429,rules-02-r1-direct-mid:delivery-judge,judge,357,8.582,rules-02-r1-direct-mid,delivery-judge,1054433.320422375,billed,rules-02
1.789,evaluation,1054456.753046125,1429,rules-02-r1-direct-mid:research-judge,judge,360,8.582,rules-02-r1-direct-mid,research-judge,1054444.647817166,billed,rules-02
0.04355,evaluation,1054460.90181375,690,setup:rules-02,cheap,181,0.22615000000000002,,planner,1054456.851438458,billed,rules-02
0.55055,production,1054466.63060475,740,rules-02-r1-shared-single-1:extract,strong,261,3.1377500000000005,rules-02-r1-shared-single-1,worker,1054461.016132708,billed,rules-02
0.75955,production,1054471.367724666,1064,rules-02-r1-shared-single-1:verify,strong,317,3.85935,rules-02-r1-shared-single-1,worker,1054466.725143208,billed,rules-02
0.87835,production,1054475.990875666,1227,rules-02-r1-shared-single-1:answer,strong,370,7.652700000000001,rules-02-r1-shared-single-1,final,1054471.474837166,billed,rules-02
1.422,production,1054487.351901208,1085,rules-02-r1-shared-single-1:delivery-judge,judge,337,6.985,rules-02-r1-shared-single-1,delivery-judge,1054476.086084333,billed,rules-02
1.596,evaluation,1054505.053817833,1085,rules-02-r1-shared-single-1:research-judge,judge,511,6.985,rules-02-r1-shared-single-1,research-judge,1054487.438196041,billed,rules-02
0.54945,production,1054510.580771583,740,rules-02-r1-shared-single-2:extract,strong,259,3.1377500000000005,rules-02-r1-shared-single-2,worker,1054505.156295541,billed,rules-02
0.7293,production,1054515.070113875,1062,rules-02-r1-shared-single-2:verify,strong,264,3.83955,rules-02-r1-shared-single-2,worker,1054510.674630833,billed,rules-02
0.79255,production,1054519.442204083,1156,rules-02-r1-shared-single-2:answer,strong,285,7.525650000000001,rules-02-r1-shared-single-2,final,1054515.160662208,billed,rules-02
1.357,production,1054529.726800708,1007,rules-02-r1-shared-single-2:delivery-judge,judge,350,6.664,rules-02-r1-shared-single-2,delivery-judge,1054519.528012,billed,rules-02
1.375,evaluation,1054540.600716458,1007,rules-02-r1-shared-single-2:research-judge,judge,368,6.664,rules-02-r1-shared-single-2,research-judge,1054529.813029291,billed,rules-02
0.0387,production,1054543.064105416,690,rules-02-r1-auto-heterogeneous:planner,cheap,84,0.22615000000000002,rules-02-r1-auto-heterogeneous,planner,1054540.696264125,billed,rules-02
0.61985,production,1054548.751886916,863,rules-02-r1-auto-heterogeneous:answer,strong,264,6.856300000000001,rules-02-r1-auto-heterogeneous,final,1054543.154809875,billed,rules-02
1.362,production,1054562.040804375,984,rules-02-r1-auto-heterogeneous:delivery-judge,judge,378,6.596,rules-02-r1-auto-heterogeneous,delivery-judge,1054548.840511583,billed,rules-02
1.271,evaluation,1054572.7509765,984,rules-02-r1-auto-heterogeneous:research-judge,judge,287,6.596,rules-02-r1-auto-heterogeneous,research-judge,1054562.130891375,billed,rules-02
0.0514,production,1054579.049888791,740,rules-02-r1-shared-heterogeneous-1:extract,cheap,288,0.28525,rules-02-r1-shared-heterogeneous-1,worker,1054572.868301,billed,rules-02
0.42625,production,1054584.727273333,1188,rules-02-r1-shared-heterogeneous-1:verify,mid,517,1.793,rules-02-r1-shared-heterogeneous-1,worker,1054579.14215525,billed,rules-02
1.11485,production,1054592.899764375,1464,rules-02-r1-shared-heterogeneous-1:answer,strong,563,8.228000000000002,rules-02-r1-shared-heterogeneous-1,final,1054584.815780708,billed,rules-02
1.589,production,1054605.433226458,1268,rules-02-r1-shared-heterogeneous-1:delivery-judge,judge,321,7.871,rules-02-r1-shared-heterogeneous-1,delivery-judge,1054592.986630625,billed,rules-02
1.655,evaluation,1054616.131664208,1268,rules-02-r1-shared-heterogeneous-1:research-judge,judge,387,7.871,rules-02-r1-shared-heterogeneous-1,research-judge,1054605.523209333,billed,rules-02
0.03575,production,1054618.189280875,684,rules-02-r1-task-selector:selector,cheap,31,0.19565000000000002,rules-02-r1-task-selector,selector,1054616.228136458,billed,rules-02
0.05125,production,1054622.239884125,807,rules-02-r1-task-selector:answer,cheap,218,0.6105,rules-02-r1-task-selector,final,1054618.281874166,billed,rules-02
1.309,production,1054634.142726833,937,rules-02-r1-task-selector:delivery-judge,judge,372,6.339,rules-02-r1-task-selector,delivery-judge,1054622.338587125,billed,rules-02
1.29,evaluation,1054647.546909875,937,rules-02-r1-task-selector:research-judge,judge,353,6.339,rules-02-r1-task-selector,research-judge,1054634.23327825,billed,rules-02
0.04985,production,1054651.2818585,740,rules-02-r1-shared-heterogeneous-2:extract,cheap,257,0.28525,rules-02-r1-shared-heterogeneous-2,worker,1054647.664172458,billed,rules-02
0.4565,production,1054660.483744958,1156,rules-02-r1-shared-heterogeneous-2:verify,mid,670,1.7510000000000001,rules-02-r1-shared-heterogeneous-2,worker,1054651.374812875,billed,rules-02
1.19515,production,1054667.695923458,1611,rules-02-r1-shared-heterogeneous-2:answer,strong,562,8.65205,rules-02-r1-shared-heterogeneous-2,final,1054660.58201525,billed,rules-02
1.575,production,1054680.039767625,1268,rules-02-r1-shared-heterogeneous-2:delivery-judge,judge,307,7.84,rules-02-r1-shared-heterogeneous-2,delivery-judge,1054667.788136333,billed,rules-02
1.629,evaluation,1054693.901669,1268,rules-02-r1-shared-heterogeneous-2:research-judge,judge,361,7.84,rules-02-r1-shared-heterogeneous-2,research-judge,1054680.130360666,billed,rules-02
0.06055,production,1054697.596136208,924,rules-02-r1-direct-cheap:answer,cheap,287,0.6105,rules-02-r1-direct-cheap,final,1054694.005125875,billed,rules-02
1.406,production,1054710.464576083,1044,rules-02-r1-direct-cheap:delivery-judge,judge,362,6.854,rules-02-r1-direct-cheap,delivery-judge,1054697.689667083,billed,rules-02
1.355,evaluation,1054721.964034125,1044,rules-02-r1-direct-cheap:research-judge,judge,311,6.854,rules-02-r1-direct-cheap,research-judge,1054710.563866,billed,rules-02
0.57805,production,1054727.301513958,807,rules-02-r1-direct-strong:answer,strong,244,6.7155000000000005,rules-02-r1-direct-strong,final,1054722.09084625,billed,rules-02
1.291,production,1054739.150125666,964,rules-02-r1-direct-strong:delivery-judge,judge,327,6.494,rules-02-r1-direct-strong,delivery-judge,1054727.398179958,billed,rules-02
1.265,evaluation,1054749.695734416,964,rules-02-r1-direct-strong:research-judge,judge,301,6.494,rules-02-r1-direct-strong,research-judge,1054739.24827225,billed,rules-02
0.4521,production,1054753.415385125,669,analysis-01-r2-shared-single-1:expected,strong,153,2.7978500000000004,analysis-01-r2-shared-single-1,worker,1054749.815542041,billed,analysis-01
0.4345,production,1054756.795392041,649,analysis-01-r2-shared-single-1:theft,strong,141,2.8292,analysis-01-r2-shared-single-1,worker,1054753.5125645,billed,analysis-01
0.54615,production,1054759.452146083,840,analysis-01-r2-shared-single-1:gap,strong,153,3.1355500000000003,analysis-01-r2-shared-single-1,worker,1054756.891272083,billed,analysis-01
0.9185,production,1054765.163975208,1316,analysis-01-r2-shared-single-1:answer,strong,354,7.500350000000001,analysis-01-r2-shared-single-1,final,1054759.555763333,billed,analysis-01
1.278,production,1054775.422956416,961,analysis-01-r2-shared-single-1:delivery-judge,judge,317,6.11,analysis-01-r2-shared-single-1,delivery-judge,1054765.26506775,billed,analysis-01
1.269,evaluation,1054785.103232333,961,analysis-01-r2-shared-single-1:research-judge,judge,308,6.11,analysis-01-r2-shared-single-1,research-judge,1054775.52178125,billed,analysis-01
0.51755,production,1054789.051758333,695,analysis-01-r2-direct-strong:answer,strong,246,6.3635,analysis-01-r2-direct-strong,final,1054785.227234,billed,analysis-01
1.185,production,1054800.063007,858,analysis-01-r2-direct-strong:delivery-judge,judge,327,5.753,analysis-01-r2-direct-strong,delivery-judge,1054789.150242166,billed,analysis-01
1.209,evaluation,1054813.243249666,858,analysis-01-r2-direct-strong:research-judge,judge,351,5.753,analysis-01-r2-direct-strong,research-judge,1054800.157881083,billed,analysis-01
0.02505,production,1054814.929212,467,analysis-01-r2-task-selector:selector,cheap,34,0.168,analysis-01-r2-task-selector,selector,1054813.349091416,billed,analysis-01
0.05055,production,1054818.261407541,812,analysis-01-r2-task-selector:answer,cheap,199,0.5785,analysis-01-r2-task-selector,final,1054815.018069625,billed,analysis-01
1.191,production,1054829.051762416,849,analysis-01-r2-task-selector:delivery-judge,judge,342,5.688000000000001,analysis-01-r2-task-selector,delivery-judge,1054818.360684,billed,analysis-01
1.169,evaluation,1054841.195624166,849,analysis-01-r2-task-selector:research-judge,judge,320,5.688000000000001,analysis-01-r2-task-selector,research-judge,1054829.152047041,billed,analysis-01
0.4444,production,1054844.461775833,669,analysis-01-r2-shared-single-2:expected,strong,139,2.7978500000000004,analysis-01-r2-shared-single-2,worker,1054841.321086541,billed,analysis-01
0.43835,production,1054844.760755875,649,analysis-01-r2-shared-single-2:theft,strong,148,2.8292,analysis-01-r2-shared-single-2,worker,1054841.369178,billed,analysis-01
0.52965,production,1054846.971124375,824,analysis-01-r2-shared-single-2:gap,strong,139,3.10585,analysis-01-r2-shared-single-2,worker,1054844.561803583,billed,analysis-01
0.8481,production,1054851.000691125,1291,analysis-01-r2-shared-single-2:answer,strong,251,7.453600000000001,analysis-01-r2-shared-single-2,final,1054847.052562166,billed,analysis-01
1.203,production,1054861.598837583,863,analysis-01-r2-shared-single-2:delivery-judge,judge,340,5.816,analysis-01-r2-shared-single-2,delivery-judge,1054851.101307541,billed,analysis-01
1.224,evaluation,1054877.717077916,863,analysis-01-r2-shared-single-2:research-judge,judge,361,5.816,analysis-01-r2-shared-single-2,research-judge,1054861.697379,billed,analysis-01
0.0444,production,1054881.772345166,669,analysis-01-r2-shared-heterogeneous-1:expected,cheap,219,0.25435,analysis-01-r2-shared-heterogeneous-1,worker,1054877.84886875,billed,analysis-01
0.38425,production,1054891.666020458,752,analysis-01-r2-shared-heterogeneous-1:theft,mid,785,1.286,analysis-01-r2-shared-heterogeneous-1,worker,1054881.872263416,billed,analysis-01
0.04755,production,1054893.684265333,919,analysis-01-r2-shared-heterogeneous-1:gap,cheap,32,0.29995,analysis-01-r2-shared-heterogeneous-1,worker,1054891.76954025,billed,analysis-01
1.28755,production,1054899.731719208,1962,analysis-01-r2-shared-heterogeneous-1:answer,strong,379,9.038150000000002,analysis-01-r2-shared-heterogeneous-1,final,1054893.783959125,billed,analysis-01
1.371,production,1054912.566919375,977,analysis-01-r2-shared-heterogeneous-1:delivery-judge,judge,394,6.2860000000000005,analysis-01-r2-shared-heterogeneous-1,delivery-judge,1054899.82875125,billed,analysis-01
1.329,evaluation,1054926.91466575,977,analysis-01-r2-shared-heterogeneous-1:research-judge,judge,352,6.2860000000000005,analysis-01-r2-shared-heterogeneous-1,research-judge,1054912.667533583,billed,analysis-01
0.0515,production,1054930.614110875,812,analysis-01-r2-direct-cheap:answer,cheap,218,0.5785,analysis-01-r2-direct-cheap,final,1054927.041112041,billed,analysis-01
1.141,production,1054940.697716083,852,analysis-01-r2-direct-cheap:delivery-judge,judge,289,5.7219999999999995,analysis-01-r2-direct-cheap,delivery-judge,1054930.703762625,billed,analysis-01
1.2,evaluation,1054953.045974541,852,analysis-01-r2-direct-cheap:research-judge,judge,348,5.7219999999999995,analysis-01-r2-direct-cheap,research-judge,1054940.795738166,billed,analysis-01
0.30675,production,1054957.966607416,804,analysis-01-r2-direct-mid:answer,mid,423,2.8925,analysis-01-r2-direct-mid,final,1054953.178247333,billed,analysis-01
1.446,production,1054972.336191541,1028,analysis-01-r2-direct-mid:delivery-judge,judge,418,6.476,analysis-01-r2-direct-mid,delivery-judge,1054958.054651958,billed,analysis-01
1.384,evaluation,1054986.90476475,1028,analysis-01-r2-direct-mid:research-judge,judge,356,6.476,analysis-01-r2-direct-mid,research-judge,1054972.440659291,billed,analysis-01
0.04965,production,1054990.583764375,707,analysis-01-r2-auto-heterogeneous:planner,cheap,286,0.1985,analysis-01-r2-auto-heterogeneous,planner,1054987.01678175,billed,analysis-01
0.04625,production,1055001.24225275,672,analysis-01-r2-auto-heterogeneous:expected,cheap,253,0.2548,analysis-01-r2-auto-heterogeneous,worker,1054990.689870125,billed,analysis-01
0.30075,production,1054998.130727541,749,analysis-01-r2-auto-heterogeneous:theft,mid,454,1.286,analysis-01-r2-auto-heterogeneous,worker,1054990.734914166,billed,analysis-01
0.0603,production,1055005.163962875,953,analysis-01-r2-auto-heterogeneous:gap,cheap,253,0.30845000000000006,analysis-01-r2-auto-heterogeneous,worker,1055001.34493225,billed,analysis-01
1.2353,production,1055011.242279291,1872,analysis-01-r2-auto-heterogeneous:answer,strong,374,8.73455,analysis-01-r2-auto-heterogeneous,final,1055005.270542666,billed,analysis-01
1.316,production,1055023.148596625,978,analysis-01-r2-auto-heterogeneous:delivery-judge,judge,338,6.301,analysis-01-r2-auto-heterogeneous,delivery-judge,1055011.344786458,billed,analysis-01
1.332,evaluation,1055036.627026458,978,analysis-01-r2-auto-heterogeneous:research-judge,judge,354,6.301,analysis-01-r2-auto-heterogeneous,research-judge,1055023.253089416,billed,analysis-01
0.0445,production,1055040.979402916,669,analysis-01-r2-shared-heterogeneous-2:expected,cheap,221,0.25435,analysis-01-r2-shared-heterogeneous-2,worker,1055036.760734458,billed,analysis-01
0.3285,production,1055044.530323625,752,analysis-01-r2-shared-heterogeneous-2:theft,mid,562,1.286,analysis-01-r2-shared-heterogeneous-2,worker,1055036.808429625,billed,analysis-01
0.04765,production,1055041.820946375,921,analysis-01-r2-shared-heterogeneous-2:gap,cheap,32,0.29955000000000004,analysis-01-r2-shared-heterogeneous-2,worker,1055041.084893708,billed,analysis-01
1.1539,production,1055050.422316125,1751,analysis-01-r2-shared-heterogeneous-2:answer,strong,347,8.49915,analysis-01-r2-shared-heterogeneous-2,final,1055044.634893125,billed,analysis-01
1.322,production,1055061.231466958,951,analysis-01-r2-shared-heterogeneous-2:delivery-judge,judge,371,6.1370000000000005,analysis-01-r2-shared-heterogeneous-2,delivery-judge,1055050.530229416,billed,analysis-01
1.302,evaluation,1055074.08340725,951,analysis-01-r2-shared-heterogeneous-2:research-judge,judge,351,6.1370000000000005,analysis-01-r2-shared-heterogeneous-2,research-judge,1055061.335663291,billed,analysis-01
0.52085,production,1055080.386557791,643,analysis-02-r2-shared-single-2:survey_analysis,strong,304,2.8578,analysis-02-r2-shared-single-2,worker,1055074.216063333,billed,analysis-02
0.53625,production,1055080.605221458,649,analysis-02-r2-shared-single-2:service_analysis,strong,326,2.8600000000000003,analysis-02-r2-shared-single-2,worker,1055074.268230833,billed,analysis-02
0.99385,production,1055086.415935625,1424,analysis-02-r2-shared-single-2:pooling_check,strong,383,4.4176,analysis-02-r2-shared-single-2,worker,1055080.710202625,billed,analysis-02
1.33265,production,1055093.0628825,1986,analysis-02-r2-shared-single-2:answer,strong,437,8.947400000000002,analysis-02-r2-shared-single-2,final,1055086.521784083,billed,analysis-02
1.403,production,1055105.105136541,1030,analysis-02-r2-shared-single-2:delivery-judge,judge,373,6.779,analysis-02-r2-shared-single-2,delivery-judge,1055093.169633833,billed,analysis-02
1.38,evaluation,1055120.024145416,1030,analysis-02-r2-shared-single-2:research-judge,judge,350,6.779,analysis-02-r2-shared-single-2,research-judge,1055105.212916041,billed,analysis-02
0.03665,production,1055123.307347625,643,analysis-02-r2-shared-heterogeneous-1:survey_analysis,cheap,90,0.25980000000000003,analysis-02-r2-shared-heterogeneous-1,worker,1055120.151897916,billed,analysis-02
0.03415,production,1055125.257584583,649,analysis-02-r2-shared-heterogeneous-1:service_analysis,cheap,34,0.26,analysis-02-r2-shared-heterogeneous-1,worker,1055123.412740083,billed,analysis-02
0.35525,production,1055132.481938833,935,analysis-02-r2-shared-heterogeneous-1:pooling_check,mid,486,1.529,analysis-02-r2-shared-heterogeneous-1,worker,1055125.36454525,billed,analysis-02
1.1066,production,1055139.5289675,1523,analysis-02-r2-shared-heterogeneous-1:answer,strong,489,8.2599,analysis-02-r2-shared-heterogeneous-1,final,1055132.587866666,billed,analysis-02
1.498,production,1055155.698035291,1081,analysis-02-r2-shared-heterogeneous-1:delivery-judge,judge,417,7.021,analysis-02-r2-shared-heterogeneous-1,delivery-judge,1055139.639624458,billed,analysis-02
1.412,evaluation,1055169.20180425,1081,analysis-02-r2-shared-heterogeneous-1:research-judge,judge,331,7.021,analysis-02-r2-shared-heterogeneous-1,research-judge,1055155.810557,billed,analysis-02
0.5412,production,1055175.882929458,643,analysis-02-r2-shared-single-1:survey_analysis,strong,341,2.8578,analysis-02-r2-shared-single-1,worker,1055169.342514333,billed,analysis-02
0.55,production,1055181.845662416,649,analysis-02-r2-shared-single-1:service_analysis,strong,351,2.8600000000000003,analysis-02-r2-shared-single-1,worker,1055175.997825416,billed,analysis-02
1.0505,production,1055188.067016666,1496,analysis-02-r2-shared-single-1:pooling_check,strong,414,4.558400000000001,analysis-02-r2-shared-single-1,worker,1055181.959395833,billed,analysis-02
1.35575,production,1055193.526972708,2087,analysis-02-r2-shared-single-1:answer,strong,378,9.185550000000001,analysis-02-r2-shared-single-1,final,1055188.179682583,billed,analysis-02
1.367,production,1055204.717711875,975,analysis-02-r2-shared-single-1:delivery-judge,judge,392,6.491,analysis-02-r2-shared-single-1,delivery-judge,1055193.637409541,billed,analysis-02
1.336,evaluation,1055217.697852333,975,analysis-02-r2-shared-single-1:research-judge,judge,361,6.491,analysis-02-r2-shared-single-1,research-judge,1055204.82767825,billed,analysis-02
0.0414,production,1055221.055350625,643,analysis-02-r2-shared-heterogeneous-2:survey_analysis,cheap,185,0.25980000000000003,analysis-02-r2-shared-heterogeneous-2,worker,1055217.845979083,billed,analysis-02
0.03725,production,1055220.479281541,649,analysis-02-r2-shared-heterogeneous-2:service_analysis,cheap,96,0.26,analysis-02-r2-shared-heterogeneous-2,worker,1055217.895890041,billed,analysis-02
0.37075,production,1055227.616136791,1082,analysis-02-r2-shared-heterogeneous-2:pooling_check,mid,401,1.6875,analysis-02-r2-shared-heterogeneous-2,worker,1055221.167275166,billed,analysis-02
1.07525,production,1055233.734904916,1590,analysis-02-r2-shared-heterogeneous-2:answer,strong,365,8.37265,analysis-02-r2-shared-heterogeneous-2,final,1055227.737532,billed,analysis-02
1.351,production,1055245.9050735,968,analysis-02-r2-shared-heterogeneous-2:delivery-judge,judge,383,6.398,analysis-02-r2-shared-heterogeneous-2,delivery-judge,1055233.855533708,billed,analysis-02
1.353,evaluation,1055259.189128875,968,analysis-02-r2-shared-heterogeneous-2:research-judge,judge,385,6.398,analysis-02-r2-shared-heterogeneous-2,research-judge,1055246.011437791,billed,analysis-02
0.02465,production,1055260.564710916,460,analysis-02-r2-task-selector:selector,cheap,33,0.16920000000000002,analysis-02-r2-task-selector,selector,1055259.30870725,billed,analysis-02
0.06165,production,1055264.534761708,810,analysis-02-r2-task-selector:answer,cheap,423,0.5803,analysis-02-r2-task-selector,final,1055260.680294958,billed,analysis-02
1.444,production,1055279.567559041,1033,analysis-02-r2-task-selector:delivery-judge,judge,411,6.689,analysis-02-r2-task-selector,delivery-judge,1055264.645189208,billed,analysis-02
1.396,evaluation,1055293.486906041,1033,analysis-02-r2-task-selector:research-judge,judge,363,6.689,analysis-02-r2-task-selector,research-judge,1055279.681537041,billed,analysis-02
0.5467,production,1055299.286325375,693,analysis-02-r2-direct-strong:answer,strong,301,6.3833,analysis-02-r2-direct-strong,final,1055293.642148916,billed,analysis-02
1.263,production,1055311.8376435,905,analysis-02-r2-direct-strong:delivery-judge,judge,358,6.171,analysis-02-r2-direct-strong,delivery-judge,1055299.413367375,billed,analysis-02
1.255,evaluation,1055326.038389,905,analysis-02-r2-direct-strong:research-judge,judge,350,6.171,analysis-02-r2-direct-strong,research-judge,1055311.966154333,billed,analysis-02
0.34975,production,1055333.407158666,799,analysis-02-r2-direct-mid:answer,mid,600,2.9015,analysis-02-r2-direct-mid,final,1055326.18809775,billed,analysis-02
1.596,production,1055346.065735625,1227,analysis-02-r2-direct-mid:delivery-judge,judge,369,7.337,analysis-02-r2-direct-mid,delivery-judge,1055333.532756291,billed,analysis-02
1.607,evaluation,1055359.249714,1227,analysis-02-r2-direct-mid:research-judge,judge,380,7.337,analysis-02-r2-direct-mid,research-judge,1055346.182244166,billed,analysis-02
0.04825,production,1055361.566571291,700,analysis-02-r2-auto-heterogeneous:planner,cheap,265,0.19970000000000002,analysis-02-r2-auto-heterogeneous,planner,1055359.372722791,billed,analysis-02
0.03535,production,1055363.786148125,635,analysis-02-r2-auto-heterogeneous:survey,cheap,72,0.258,analysis-02-r2-auto-heterogeneous,worker,1055361.688523,billed,analysis-02
0.04665,production,1055368.377721583,635,analysis-02-r2-auto-heterogeneous:service,cheap,298,0.25730000000000003,analysis-02-r2-auto-heterogeneous,worker,1055361.743774458,billed,analysis-02
0.4085,production,1055374.210608916,1184,analysis-02-r2-auto-heterogeneous:pool,mid,450,1.77525,analysis-02-r2-auto-heterogeneous,worker,1055368.491104583,billed,analysis-02
1.01035,production,1055381.816462708,1293,analysis-02-r2-auto-heterogeneous:answer,strong,544,7.694500000000001,analysis-02-r2-auto-heterogeneous,final,1055374.33235,billed,analysis-02
1.506,production,1055394.737954208,1133,analysis-02-r2-auto-heterogeneous:delivery-judge,judge,373,7.119,analysis-02-r2-auto-heterogeneous,delivery-judge,1055381.941506625,billed,analysis-02
1.589,evaluation,1055413.667762958,1133,analysis-02-r2-auto-heterogeneous:research-judge,judge,456,7.119,analysis-02-r2-auto-heterogeneous,research-judge,1055394.856814166,billed,analysis-02
0.0591,production,1055422.629990125,693,analysis-02-r2-direct-cheap:answer,cheap,489,0.5803,analysis-02-r2-direct-cheap,final,1055413.823542375,billed,analysis-02
1.422,production,1055435.245652541,1076,analysis-02-r2-direct-cheap:delivery-judge,judge,346,6.882,analysis-02-r2-direct-cheap,delivery-judge,1055422.750448458,billed,analysis-02
1.413,evaluation,1055449.216874333,1076,analysis-02-r2-direct-cheap:research-judge,judge,337,6.882,analysis-02-r2-direct-cheap,research-judge,1055435.361710791,billed,analysis-02
0.3982,production,1055451.465692041,666,decision-01-r2-shared-single-1:check_print,strong,58,2.86275,decision-01-r2-shared-single-1,worker,1055449.370228083,billed,decision-01
0.4169,production,1055454.616568833,656,decision-01-r2-shared-single-1:check_delivery,strong,102,2.8446000000000002,decision-01-r2-shared-single-1,worker,1055451.586736,billed,decision-01
0.6479,production,1055459.173850291,913,decision-01-r2-shared-single-1:combine,strong,265,3.4353000000000007,decision-01-r2-shared-single-1,worker,1055454.734869333,billed,decision-01
0.77825,production,1055463.860276916,1071,decision-01-r2-shared-single-1:answer,strong,344,7.085100000000001,decision-01-r2-shared-single-1,final,1055459.300966833,billed,decision-01
1.23,production,1055474.248657041,948,decision-01-r2-shared-single-1:delivery-judge,judge,282,6.069,decision-01-r2-shared-single-1,delivery-judge,1055463.98229675,billed,decision-01
1.288,evaluation,1055487.655689291,948,decision-01-r2-shared-single-1:research-judge,judge,340,6.069,decision-01-r2-shared-single-1,research-judge,1055474.378593708,billed,decision-01
0.03625,production,1055490.495428541,666,decision-01-r2-shared-heterogeneous-1:check_print,cheap,59,0.26025000000000004,decision-01-r2-shared-heterogeneous-1,worker,1055487.807645708,billed,decision-01
0.03615,production,1055492.565631541,656,decision-01-r2-shared-heterogeneous-1:check_delivery,cheap,67,0.2586,decision-01-r2-shared-heterogeneous-1,worker,1055490.610926625,billed,decision-01
0.339,production,1055497.716816291,956,decision-01-r2-shared-heterogeneous-1:combine,mid,400,1.52175,decision-01-r2-shared-heterogeneous-1,worker,1055492.683421625,billed,decision-01
0.89925,production,1055503.577962833,1258,decision-01-r2-shared-heterogeneous-1:answer,strong,377,7.467350000000001,decision-01-r2-shared-heterogeneous-1,final,1055497.84052575,billed,decision-01
1.363,production,1055516.468234458,979,decision-01-r2-shared-heterogeneous-1:delivery-judge,judge,384,6.205,decision-01-r2-shared-heterogeneous-1,delivery-judge,1055503.698130458,billed,decision-01
1.356,evaluation,1055530.161296916,979,decision-01-r2-shared-heterogeneous-1:research-judge,judge,377,6.205,decision-01-r2-shared-heterogeneous-1,research-judge,1055516.588364375,billed,decision-01
0.275,production,1055534.760059625,804,decision-01-r2-direct-mid:answer,mid,296,2.901,decision-01-r2-direct-mid,final,1055530.316925958,billed,decision-01
1.237,production,1055545.466789541,918,decision-01-r2-direct-mid:delivery-judge,judge,319,6.043,decision-01-r2-direct-mid,delivery-judge,1055534.876086791,billed,decision-01
1.27,evaluation,1055558.045409458,918,decision-01-r2-direct-mid:research-judge,judge,352,6.043,decision-01-r2-direct-mid,research-judge,1055545.593886291,billed,decision-01
0.5379,production,1055562.460898958,700,decision-01-r2-direct-strong:answer,strong,278,6.3822,decision-01-r2-direct-strong,final,1055558.200798333,billed,decision-01
1.195,production,1055572.510879541,890,decision-01-r2-direct-strong:delivery-judge,judge,305,5.839,decision-01-r2-direct-strong,delivery-judge,1055562.580943333,billed,decision-01
1.178,evaluation,1055584.716793916,890,decision-01-r2-direct-strong:research-judge,judge,288,5.839,decision-01-r2-direct-strong,research-judge,1055572.632756375,billed,decision-01
0.3982,production,1055587.347360416,666,decision-01-r2-shared-single-2:check_print,strong,58,2.86275,decision-01-r2-shared-single-2,worker,1055584.875195208,billed,decision-01
0.4169,production,1055588.367785041,656,decision-01-r2-shared-single-2:check_delivery,strong,102,2.8446000000000002,decision-01-r2-shared-single-2,worker,1055584.932684375,billed,decision-01
0.67595,production,1055594.285155833,913,decision-01-r2-shared-single-2:combine,strong,316,3.4358500000000003,decision-01-r2-shared-single-2,worker,1055588.481280166,billed,decision-01
0.80245,production,1055599.27384025,1139,decision-01-r2-shared-single-2:answer,strong,320,7.209950000000001,decision-01-r2-shared-single-2,final,1055594.374744041,billed,decision-01
1.278,production,1055611.266436583,930,decision-01-r2-shared-single-2:delivery-judge,judge,348,6.071,decision-01-r2-shared-single-2,delivery-judge,1055599.374669666,billed,decision-01
1.268,evaluation,1055624.637608208,930,decision-01-r2-shared-single-2:research-judge,judge,338,6.071,decision-01-r2-shared-single-2,research-judge,1055611.386291833,billed,decision-01
0.0503,production,1055626.507654833,817,decision-01-r2-direct-cheap:answer,cheap,189,0.5802,decision-01-r2-direct-cheap,final,1055624.811506666,billed,decision-01
1.153,production,1055637.239037375,844,decision-01-r2-direct-cheap:delivery-judge,judge,309,5.732,decision-01-r2-direct-cheap,delivery-judge,1055626.639174958,billed,decision-01
1.189,evaluation,1055650.781092291,844,decision-01-r2-direct-cheap:research-judge,judge,345,5.732,decision-01-r2-direct-cheap,research-judge,1055637.364849083,billed,decision-01
0.03045,production,1055652.687935083,580,decision-01-r2-task-selector:selector,cheap,29,0.16754999999999998,decision-01-r2-task-selector,selector,1055650.910918291,billed,decision-01
0.0543,production,1055654.800446166,817,decision-01-r2-task-selector:answer,cheap,269,0.5802,decision-01-r2-task-selector,final,1055652.814628458,billed,decision-01
1.272,production,1055668.668487791,876,decision-01-r2-task-selector:delivery-judge,judge,396,5.905,decision-01-r2-task-selector,delivery-judge,1055654.929432291,billed,decision-01
1.231,evaluation,1055683.231442416,876,decision-01-r2-task-selector:research-judge,judge,355,5.905,decision-01-r2-task-selector,research-judge,1055668.791686416,billed,decision-01
0.04295,production,1055688.119655083,586,decision-01-r2-auto-heterogeneous:planner,cheap,273,0.19805,decision-01-r2-auto-heterogeneous,planner,1055683.360782416,billed,decision-01
0.0351,production,1055689.448834875,666,decision-01-r2-auto-heterogeneous:check_print,cheap,36,0.25815000000000005,decision-01-r2-auto-heterogeneous,worker,1055688.246862166,billed,decision-01
0.0344,production,1055689.085953916,656,decision-01-r2-auto-heterogeneous:check_delivery,cheap,32,0.25755,decision-01-r2-auto-heterogeneous,worker,1055688.307969791,billed,decision-01
0.05225,production,1055692.895834625,779,decision-01-r2-auto-heterogeneous:combine,cheap,266,0.28225,decision-01-r2-auto-heterogeneous,worker,1055689.574074666,billed,decision-01
0.7315,production,1055697.246688333,1055,decision-01-r2-auto-heterogeneous:answer,strong,275,7.08785,decision-01-r2-auto-heterogeneous,final,1055693.021617166,billed,decision-01
1.21,production,1055711.560697625,884,decision-01-r2-auto-heterogeneous:delivery-judge,judge,326,5.917,decision-01-r2-auto-heterogeneous,delivery-judge,1055697.382281666,billed,decision-01
1.202,evaluation,1055725.467061666,884,decision-01-r2-auto-heterogeneous:research-judge,judge,318,5.917,decision-01-r2-auto-heterogeneous,research-judge,1055711.689002458,billed,decision-01
0.03605,production,1055727.348843833,666,decision-01-r2-shared-heterogeneous-2:check_print,cheap,55,0.26025000000000004,decision-01-r2-shared-heterogeneous-2,worker,1055725.631144958,billed,decision-01
0.0355,production,1055727.545916,656,decision-01-r2-shared-heterogeneous-2:check_delivery,cheap,54,0.2586,decision-01-r2-shared-heterogeneous-2,worker,1055725.692918291,billed,decision-01
0.3285,production,1055733.145657708,938,decision-01-r2-shared-heterogeneous-2:combine,mid,376,1.5042499999999999,decision-01-r2-shared-heterogeneous-2,worker,1055727.665890333,billed,decision-01
0.90035,production,1055739.212403375,1203,decision-01-r2-shared-heterogeneous-2:answer,strong,434,7.427200000000001,decision-01-r2-shared-heterogeneous-2,final,1055733.271715125,billed,decision-01
1.377,production,1055751.060937875,1035,decision-01-r2-shared-heterogeneous-2:delivery-judge,judge,342,6.481,decision-01-r2-shared-heterogeneous-2,delivery-judge,1055739.337190791,billed,decision-01
1.386,evaluation,1055764.185589,1035,decision-01-r2-shared-heterogeneous-2:research-judge,judge,351,6.481,decision-01-r2-shared-heterogeneous-2,research-judge,1055751.188577666,billed,decision-01
0.04075,production,1055767.332076416,666,decision-02-r2-shared-heterogeneous-1:qualification,cheap,149,0.2594,decision-02-r2-shared-heterogeneous-1,worker,1055764.357561375,billed,decision-02
0.409,production,1055776.120240708,952,decision-02-r2-shared-heterogeneous-1:assignment,mid,684,1.4889999999999999,decision-02-r2-shared-heterogeneous-1,worker,1055767.46114575,billed,decision-02
1.0978,production,1055782.967753625,1575,decision-02-r2-shared-heterogeneous-1:answer,strong,421,8.1356,decision-02-r2-shared-heterogeneous-1,final,1055776.254626458,billed,decision-02
1.448,production,1055796.833166375,1060,decision-02-r2-shared-heterogeneous-1:delivery-judge,judge,388,6.538,decision-02-r2-shared-heterogeneous-1,delivery-judge,1055783.091172541,billed,decision-02
1.404,evaluation,1055810.282036583,1060,decision-02-r2-shared-heterogeneous-1:research-judge,judge,344,6.538,decision-02-r2-shared-heterogeneous-1,research-judge,1055796.962380291,billed,decision-02
0.38975,production,1055818.498595625,829,decision-02-r2-direct-mid:answer,mid,730,2.9202500000000002,decision-02-r2-direct-mid,final,1055810.746674458,billed,decision-02
1.792,production,1055832.822938333,1399,decision-02-r2-direct-mid:delivery-judge,judge,393,7.835,decision-02-r2-direct-mid,delivery-judge,1055819.141482916,billed,decision-02
1.771,evaluation,1055846.968749375,1399,decision-02-r2-direct-mid:research-judge,judge,372,7.835,decision-02-r2-direct-mid,research-judge,1055832.96732925,billed,decision-02
0.605,production,1055855.947121625,666,decision-02-r2-shared-single-2:qualification,strong,434,2.8534000000000006,decision-02-r2-shared-single-2,worker,1055847.148295583,billed,decision-02
0.7304,production,1055860.196611875,1141,decision-02-r2-shared-single-2:assignment,strong,187,3.9693500000000004,decision-02-r2-shared-single-2,worker,1055856.106138916,billed,decision-02
0.6776,production,1055864.117928291,989,decision-02-r2-shared-single-2:answer,strong,243,6.986650000000001,decision-02-r2-shared-single-2,final,1055860.334100416,billed,decision-02
1.209,production,1055881.488021833,890,decision-02-r2-shared-single-2:delivery-judge,judge,319,5.9030000000000005,decision-02-r2-shared-single-2,delivery-judge,1055864.260283666,billed,decision-02
1.258,evaluation,1055897.037274375,890,decision-02-r2-shared-single-2:research-judge,judge,368,5.9030000000000005,decision-02-r2-shared-single-2,research-judge,1055881.620784375,billed,decision-02
0.3993,production,1055899.331573875,666,decision-02-r2-shared-single-1:qualification,strong,60,2.8534000000000006,decision-02-r2-shared-single-1,worker,1055897.195321833,billed,decision-02
0.583,production,1055905.718695,765,decision-02-r2-shared-single-1:assignment,strong,295,3.0926500000000003,decision-02-r2-shared-single-1,worker,1055899.469343625,billed,decision-02
0.78815,production,1055911.02757075,1122,decision-02-r2-shared-single-1:answer,strong,311,7.2347,decision-02-r2-shared-single-1,final,1055905.862452916,billed,decision-02
1.279,production,1055923.133223666,951,decision-02-r2-shared-single-1:delivery-judge,judge,328,6.103,decision-02-r2-shared-single-1,delivery-judge,1055911.167623625,billed,decision-02
1.261,evaluation,1055935.875748625,951,decision-02-r2-shared-single-1:research-judge,judge,310,6.103,decision-02-r2-shared-single-1,research-judge,1055923.294231791,billed,decision-02
0.06385,production,1055939.097559791,842,decision-02-r2-direct-cheap:answer,cheap,435,0.58405,decision-02-r2-direct-cheap,final,1055936.04684075,billed,decision-02
1.48,production,1055953.777320416,1115,decision-02-r2-direct-cheap:delivery-judge,judge,365,6.678,decision-02-r2-direct-cheap,delivery-judge,1055939.218958541,billed,decision-02
1.498,evaluation,1055969.5315545,1115,decision-02-r2-direct-cheap:research-judge,judge,383,6.678,decision-02-r2-direct-cheap,research-judge,1055953.924511875,billed,decision-02
0.5225,production,1055973.666470083,725,decision-02-r2-direct-strong:answer,strong,225,6.42455,decision-02-r2-direct-strong,final,1055969.709202791,billed,decision-02
1.222,production,1055985.929465625,872,decision-02-r2-direct-strong:delivery-judge,judge,350,5.82,decision-02-r2-direct-strong,delivery-judge,1055973.779500416,billed,decision-02
1.171,evaluation,1055998.231280791,872,decision-02-r2-direct-strong:research-judge,judge,299,5.82,decision-02-r2-direct-strong,research-judge,1055986.078712875,billed,decision-02
0.02545,production,1055999.647875666,484,decision-02-r2-task-selector:selector,cheap,25,0.1701,decision-02-r2-task-selector,selector,1055998.375398208,billed,decision-02
0.05045,production,1056004.778714583,725,decision-02-r2-task-selector:answer,cheap,284,0.58405,decision-02-r2-task-selector,final,1055999.786215166,billed,decision-02
1.24,production,1056016.276249583,921,decision-02-r2-task-selector:delivery-judge,judge,319,5.986000000000001,decision-02-r2-task-selector,delivery-judge,1056004.919339041,billed,decision-02
1.232,evaluation,1056032.298981333,921,decision-02-r2-task-selector:research-judge,judge,311,5.986000000000001,decision-02-r2-task-selector,research-judge,1056016.415446208,billed,decision-02
0.04075,production,1056035.498641375,666,decision-02-r2-shared-heterogeneous-2:qualification,cheap,149,0.2594,decision-02-r2-shared-heterogeneous-2,worker,1056032.492741875,billed,decision-02
0.32975,production,1056040.066494958,952,decision-02-r2-shared-heterogeneous-2:assignment,mid,367,1.4889999999999999,decision-02-r2-shared-heterogeneous-2,worker,1056035.636865583,billed,decision-02
0.9119,production,1056046.629654208,1228,decision-02-r2-shared-heterogeneous-2:answer,strong,430,7.403550000000001,decision-02-r2-shared-heterogeneous-2,final,1056040.201444166,billed,decision-02
1.446,production,1056059.515250166,1066,decision-02-r2-shared-heterogeneous-2:delivery-judge,judge,380,6.514,decision-02-r2-shared-heterogeneous-2,delivery-judge,1056046.77286725,billed,decision-02
1.411,evaluation,1056070.399957875,1066,decision-02-r2-shared-heterogeneous-2:research-judge,judge,345,6.514,decision-02-r2-shared-heterogeneous-2,research-judge,1056059.670680541,billed,decision-02
0.03515,production,1056072.917049,607,decision-02-r2-auto-heterogeneous:planner,cheap,96,0.2006,decision-02-r2-auto-heterogeneous,planner,1056070.572749958,billed,decision-02
0.60225,production,1056077.668458458,793,decision-02-r2-auto-heterogeneous:answer,strong,302,6.55435,decision-02-r2-auto-heterogeneous,final,1056073.059735375,billed,decision-02
1.285,production,1056092.2838875,946,decision-02-r2-auto-heterogeneous:delivery-judge,judge,339,6.068,decision-02-r2-auto-heterogeneous,delivery-judge,1056077.813991666,billed,decision-02
1.263,evaluation,1056106.548129958,946,decision-02-r2-auto-heterogeneous:research-judge,judge,317,6.068,decision-02-r2-auto-heterogeneous,research-judge,1056092.422678875,billed,decision-02
0.05265,production,1056110.66089475,769,rules-01-r2-direct-cheap:answer,cheap,284,0.5710000000000001,rules-01-r2-direct-cheap,final,1056106.763107625,billed,rules-01
1.265,production,1056123.408633541,870,rules-01-r2-direct-cheap:delivery-judge,judge,395,5.867,rules-01-r2-direct-cheap,delivery-judge,1056110.817629833,billed,rules-01
1.211,evaluation,1056141.365074375,870,rules-01-r2-direct-cheap:research-judge,judge,341,5.867,rules-01-r2-direct-cheap,research-judge,1056123.557375416,billed,rules-01
0.03935,production,1056142.900989125,669,rules-01-r2-auto-heterogeneous:planner,cheap,118,0.1922,rules-01-r2-auto-heterogeneous,planner,1056141.51820175,billed,rules-01
0.5643,production,1056147.067894708,764,rules-01-r2-auto-heterogeneous:answer,strong,262,6.5032000000000005,rules-01-r2-auto-heterogeneous,final,1056143.103752541,billed,rules-01
1.147,production,1056158.227294666,827,rules-01-r2-auto-heterogeneous:delivery-judge,judge,320,5.708,rules-01-r2-auto-heterogeneous,delivery-judge,1056147.218422,billed,rules-01
1.173,evaluation,1056172.368163166,827,rules-01-r2-auto-heterogeneous:research-judge,judge,346,5.708,rules-01-r2-auto-heterogeneous,research-judge,1056158.378174583,billed,rules-01
0.3195,production,1056178.296738083,758,rules-01-r2-direct-mid:answer,mid,520,2.855,rules-01-r2-direct-mid,final,1056172.561840583,billed,rules-01
1.475,production,1056189.501835916,1144,rules-01-r2-direct-mid:delivery-judge,judge,331,6.784,rules-01-r2-direct-mid,delivery-judge,1056178.438075666,billed,rules-01
1.456,evaluation,1056201.397131666,1144,rules-01-r2-direct-mid:research-judge,judge,312,6.784,rules-01-r2-direct-mid,research-judge,1056189.655242666,billed,rules-01
0.53625,production,1056205.509287958,748,rules-01-r2-shared-single-1:answer,strong,227,6.5098,rules-01-r2-shared-single-1,final,1056201.600199083,billed,rules-01
1.158,production,1056220.590985625,796,rules-01-r2-shared-single-1:delivery-judge,judge,362,5.567,rules-01-r2-shared-single-1,delivery-judge,1056205.654866083,billed,rules-01
1.131,evaluation,1056234.72032975,796,rules-01-r2-shared-single-1:research-judge,judge,335,5.567,rules-01-r2-shared-single-1,research-judge,1056220.73989675,billed,rules-01
0.5291,production,1056238.867217333,748,rules-01-r2-shared-heterogeneous-1:answer,strong,214,6.5098,rules-01-r2-shared-heterogeneous-1,final,1056234.905911708,billed,rules-01
1.115,production,1056249.567701791,785,rules-01-r2-shared-heterogeneous-1:delivery-judge,judge,330,5.5169999999999995,rules-01-r2-shared-heterogeneous-1,delivery-judge,1056239.005622125,billed,rules-01
1.126,evaluation,1056263.118269333,785,rules-01-r2-shared-heterogeneous-1:research-judge,judge,341,5.5169999999999995,rules-01-r2-shared-heterogeneous-1,research-judge,1056249.749484708,billed,rules-01
0.0229,production,1056264.690677625,429,rules-01-r2-task-selector:selector,cheap,29,0.1617,rules-01-r2-task-selector,selector,1056263.286479916,billed,rules-01
0.0462,production,1056269.210977083,652,rules-01-r2-task-selector:answer,cheap,272,0.5710000000000001,rules-01-r2-task-selector,final,1056264.855672833,billed,rules-01
1.15,production,1056279.640993958,835,rules-01-r2-task-selector:delivery-judge,judge,315,5.732,rules-01-r2-task-selector,delivery-judge,1056269.366722708,billed,rules-01
1.177,evaluation,1056293.231122833,835,rules-01-r2-task-selector:research-judge,judge,342,5.732,rules-01-r2-task-selector,research-judge,1056279.79146775,billed,rules-01
0.49775,production,1056297.8421295,652,rules-01-r2-direct-strong:answer,strong,253,6.281000000000001,rules-01-r2-direct-strong,final,1056293.430485666,billed,rules-01
1.131,production,1056308.928955791,818,rules-01-r2-direct-strong:delivery-judge,judge,313,5.693,rules-01-r2-direct-strong,delivery-judge,1056298.006003708,billed,rules-01
1.162,evaluation,1056323.246862583,818,rules-01-r2-direct-strong:research-judge,judge,344,5.693,rules-01-r2-direct-strong,research-judge,1056309.068551333,billed,rules-01
0.55935,production,1056327.751154958,748,rules-01-r2-shared-single-2:answer,strong,269,6.5098,rules-01-r2-shared-single-2,final,1056323.445442291,billed,rules-01
1.157,production,1056339.044726291,835,rules-01-r2-shared-single-2:delivery-judge,judge,322,5.731,rules-01-r2-shared-single-2,delivery-judge,1056327.899800958,billed,rules-01
1.147,evaluation,1056351.430165708,835,rules-01-r2-shared-single-2:research-judge,judge,312,5.731,rules-01-r2-shared-single-2,research-judge,1056339.188876958,billed,rules-01
0.5291,production,1056354.977588125,748,rules-01-r2-shared-heterogeneous-2:answer,strong,214,6.5098,rules-01-r2-shared-heterogeneous-2,final,1056351.639334625,billed,rules-01
1.104,production,1056365.998677541,783,rules-01-r2-shared-heterogeneous-2:delivery-judge,judge,321,5.531000000000001,rules-01-r2-shared-heterogeneous-2,delivery-judge,1056355.126267208,billed,rules-01
1.113,evaluation,1056376.100550916,783,rules-01-r2-shared-heterogeneous-2:research-judge,judge,330,5.531000000000001,rules-01-r2-shared-heterogeneous-2,research-judge,1056366.149792583,billed,rules-01
0.5236,production,1056381.125071416,740,rules-02-r2-shared-single-1:extract,strong,212,3.1377500000000005,rules-02-r2-shared-single-1,worker,1056376.315657958,billed,rules-02
0.66935,production,1056385.21170825,1005,rules-02-r2-shared-single-1:verify,strong,212,3.746600000000001,rules-02-r2-shared-single-1,worker,1056381.2679825,billed,rules-02
0.74965,production,1056389.444135208,1110,rules-02-r2-shared-single-1:answer,strong,253,7.403550000000001,rules-02-r2-shared-single-1,final,1056385.362925666,billed,rules-02
1.354,production,1056401.589722875,975,rules-02-r2-shared-single-1:delivery-judge,judge,379,6.549,rules-02-r2-shared-single-1,delivery-judge,1056389.614861208,billed,rules-02
1.284,evaluation,1056413.027916958,975,rules-02-r2-shared-single-1:research-judge,judge,309,6.549,rules-02-r2-shared-single-1,research-judge,1056401.74906525,billed,rules-02
0.05045,production,1056418.019191875,740,rules-02-r2-shared-heterogeneous-2:extract,cheap,269,0.28525,rules-02-r2-shared-heterogeneous-2,worker,1056413.236690208,billed,rules-02
0.37525,production,1056424.131114291,1167,rules-02-r2-shared-heterogeneous-2:verify,mid,334,1.77125,rules-02-r2-shared-heterogeneous-2,worker,1056418.166006041,billed,rules-02
0.8459,production,1056429.440985916,1239,rules-02-r2-shared-heterogeneous-2:answer,strong,299,7.777550000000001,rules-02-r2-shared-heterogeneous-2,final,1056424.272857666,billed,rules-02
1.397,production,1056444.016741708,1020,rules-02-r2-shared-heterogeneous-2:delivery-judge,judge,377,6.788,rules-02-r2-shared-heterogeneous-2,delivery-judge,1056429.597440916,billed,rules-02
1.466,evaluation,1056461.7021675,1020,rules-02-r2-shared-heterogeneous-2:research-judge,judge,446,6.788,rules-02-r2-shared-heterogeneous-2,research-judge,1056444.188003041,billed,rules-02
0.05725,production,1056464.8083935,924,rules-02-r2-direct-cheap:answer,cheap,221,0.6105,rules-02-r2-direct-cheap,final,1056461.909225791,billed,rules-02
1.283,production,1056477.745417875,943,rules-02-r2-direct-cheap:delivery-judge,judge,340,6.407,rules-02-r2-direct-cheap,delivery-judge,1056464.975113666,billed,rules-02
1.32,evaluation,1056491.396435,943,rules-02-r2-direct-cheap:research-judge,judge,377,6.407,rules-02-r2-direct-cheap,research-judge,1056477.897105625,billed,rules-02
0.391,production,1056499.83197275,914,rules-02-r2-direct-mid:answer,mid,650,3.0525,rules-02-r2-direct-mid,final,1056491.603268458,billed,rules-02
1.891,production,1056517.292474625,1413,rules-02-r2-direct-mid:delivery-judge,judge,478,8.599,rules-02-r2-direct-mid,delivery-judge,1056500.010060833,billed,rules-02
1.965,evaluation,1056539.533108,1413,rules-02-r2-direct-mid:research-judge,judge,552,8.599,rules-02-r2-direct-mid,research-judge,1056517.453223291,billed,rules-02
0.56815,production,1056544.960637916,740,rules-02-r2-shared-single-2:extract,strong,293,3.1377500000000005,rules-02-r2-shared-single-2,worker,1056539.802891291,billed,rules-02
0.76615,production,1056549.380308125,1100,rules-02-r2-shared-single-2:verify,strong,293,3.9347000000000003,rules-02-r2-shared-single-2,worker,1056545.10357575,billed,rules-02
0.8525,production,1056554.542917791,1205,rules-02-r2-shared-single-2:answer,strong,345,7.5916500000000005,rules-02-r2-shared-single-2,final,1056549.54420375,billed,rules-02
1.396,production,1056565.584718125,1059,rules-02-r2-shared-single-2:delivery-judge,judge,337,6.883,rules-02-r2-shared-single-2,delivery-judge,1056554.697388875,billed,rules-02
1.398,evaluation,1056579.346190625,1059,rules-02-r2-shared-single-2:research-judge,judge,339,6.883,rules-02-r2-shared-single-2,research-judge,1056565.880581,billed,rules-02
0.6105,production,1056584.580283208,807,rules-02-r2-direct-strong:answer,strong,303,6.7155000000000005,rules-02-r2-direct-strong,final,1056579.558688333,billed,rules-02
1.338,production,1056594.099868125,1022,rules-02-r2-direct-strong:delivery-judge,judge,316,6.783,rules-02-r2-direct-strong,delivery-judge,1056584.736880541,billed,rules-02
1.349,evaluation,1056606.444552916,1022,rules-02-r2-direct-strong:research-judge,judge,327,6.783,rules-02-r2-direct-strong,research-judge,1056594.271192583,billed,rules-02
0.0461,production,1056611.30122475,690,rules-02-r2-auto-heterogeneous:planner,cheap,232,0.22615000000000002,rules-02-r2-auto-heterogeneous,planner,1056606.608612916,billed,rules-02
0.05385,production,1056617.343782833,800,rules-02-r2-auto-heterogeneous:extract,cheap,277,0.30145,rules-02-r2-auto-heterogeneous,worker,1056611.461273083,billed,rules-02
0.4585,production,1056624.812981666,1214,rules-02-r2-auto-heterogeneous:check,mid,620,1.832,rules-02-r2-auto-heterogeneous,worker,1056617.497481583,billed,rules-02
1.26445,production,1056633.022480666,1600,rules-02-r2-auto-heterogeneous:answer,strong,699,8.55745,rules-02-r2-auto-heterogeneous,final,1056624.9807545,billed,rules-02
1.888,production,1056650.909388916,1412,rules-02-r2-auto-heterogeneous:delivery-judge,judge,476,8.39,rules-02-r2-auto-heterogeneous,delivery-judge,1056633.201401708,billed,rules-02
1.869,evaluation,1056668.996434125,1412,rules-02-r2-auto-heterogeneous:research-judge,judge,457,8.39,rules-02-r2-auto-heterogeneous,research-judge,1056651.073788833,billed,rules-02
0.04995,production,1056672.681115541,740,rules-02-r2-shared-heterogeneous-1:extract,cheap,259,0.28525,rules-02-r2-shared-heterogeneous-1,worker,1056669.209402,billed,rules-02
0.4195,production,1056679.210842791,1164,rules-02-r2-shared-heterogeneous-1:verify,mid,514,1.7625,rules-02-r2-shared-heterogeneous-1,worker,1056672.830748833,billed,rules-02
1.12145,production,1056686.433340166,1455,rules-02-r2-shared-heterogeneous-1:answer,strong,584,8.219750000000001,rules-02-r2-shared-heterogeneous-1,final,1056679.378764,billed,rules-02
1.695,production,1056698.011600125,1286,rules-02-r2-shared-heterogeneous-1:delivery-judge,judge,409,7.961,rules-02-r2-shared-heterogeneous-1,delivery-judge,1056686.599262,billed,rules-02
1.624,evaluation,1056711.395636791,1286,rules-02-r2-shared-heterogeneous-1:research-judge,judge,338,7.961,rules-02-r2-shared-heterogeneous-1,research-judge,1056698.16312575,billed,rules-02
0.03575,production,1056712.550501541,684,rules-02-r2-task-selector:selector,cheap,31,0.19565000000000002,rules-02-r2-task-selector,selector,1056711.568569791,billed,rules-02
0.062,production,1056719.981563958,807,rules-02-r2-task-selector:answer,cheap,433,0.6105,rules-02-r2-task-selector,final,1056712.711409416,billed,rules-02
1.498,production,1056743.112147416,1140,rules-02-r2-task-selector:delivery-judge,judge,358,7.334,rules-02-r2-task-selector,delivery-judge,1056720.175431208,billed,rules-02
1.472,evaluation,1056756.399593625,1140,rules-02-r2-task-selector:research-judge,judge,332,7.334,rules-02-r2-task-selector,research-judge,1056743.258773833,billed,rules-02
